,no_ask,no_bid,open_interest,ts,volume,yes_ask,yes_bid,yes_price,discriminator,market_ticker,strike_type,cap_strike,floor_strike,custom_strike,subtitle,status,time_stamp,date
0,82,0,0,1640792956,0.0,100,18,0,,GAS-22JAN03-A3.211,greater,,3.211,,>$3.211,finalized,2021-12-29 15:49:16,2021-12-29
1,81,0,0,1640792956,0.0,100,19,0,,GAS-22JAN03-A3.211,greater,,3.211,,>$3.211,finalized,2021-12-29 15:49:16,2021-12-29
2,80,0,0,1640792956,0.0,100,20,0,,GAS-22JAN03-A3.211,greater,,3.211,,>$3.211,finalized,2021-12-29 15:49:16,2021-12-29
3,79,0,0,1640792956,0.0,100,21,0,,GAS-22JAN03-A3.211,greater,,3.211,,>$3.211,finalized,2021-12-29 15:49:16,2021-12-29
4,78,0,0,1640792956,0.0,100,22,0,,GAS-22JAN03-A3.211,greater,,3.211,,>$3.211,finalized,2021-12-29 15:49:16,2021-12-29
5,78,74,0,1640792956,0.0,26,22,0,,GAS-22JAN03-A3.211,greater,,3.211,,>$3.211,finalized,2021-12-29 15:49:16,2021-12-29
6,78,74,0,1640792956,0.0,26,22,0,,GAS-22JAN03-A3.211,greater,,3.211,,>$3.211,finalized,2021-12-29 15:49:16,2021-12-29
7,78,74,0,1640792956,0.0,26,22,0,,GAS-22JAN03-A3.211,greater,,3.211,,>$3.211,finalized,2021-12-29 15:49:16,2021-12-29
8,78,74,0,1640792956,0.0,26,22,0,,GAS-22JAN03-A3.211,greater,,3.211,,>$3.211,finalized,2021-12-29 15:49:16,2021-12-29
9,78,74,0,1640792956,0.0,26,22,0,,GAS-22JAN03-A3.211,greater,,3.211,,>$3.211,finalized,2021-12-29 15:49:16,2021-12-29
10,78,74,2,1640800659,2.0,26,22,22,,GAS-22JAN03-A3.211,greater,,3.211,,>$3.211,finalized,2021-12-29 17:57:39,2021-12-29
11,78,73,2,1640800694,0.0,27,22,22,,GAS-22JAN03-A3.211,greater,,3.211,,>$3.211,finalized,2021-12-29 17:58:14,2021-12-29
12,78,73,2,1640800694,0.0,27,22,22,,GAS-22JAN03-A3.211,greater,,3.211,,>$3.211,finalized,2021-12-29 17:58:14,2021-12-29
13,78,74,2,1640800694,0.0,26,22,22,,GAS-22JAN03-A3.211,greater,,3.211,,>$3.211,finalized,2021-12-29 17:58:14,2021-12-29
14,79,74,36,1640801085,34.0,26,21,22,,GAS-22JAN03-A3.211,greater,,3.211,,>$3.211,finalized,2021-12-29 18:04:45,2021-12-29
15,79,74,36,1640801108,0.0,26,21,22,,GAS-22JAN03-A3.211,greater,,3.211,,>$3.211,finalized,2021-12-29 18:05:08,2021-12-29
16,79,74,36,1640801115,0.0,26,21,22,,GAS-22JAN03-A3.211,greater,,3.211,,>$3.211,finalized,2021-12-29 18:05:15,2021-12-29
17,80,74,36,1640801115,0.0,26,20,22,,GAS-22JAN03-A3.211,greater,,3.211,,>$3.211,finalized,2021-12-29 18:05:15,2021-12-29
18,80,73,36,1640801115,0.0,27,20,22,,GAS-22JAN03-A3.211,greater,,3.211,,>$3.211,finalized,2021-12-29 18:05:15,2021-12-29
19,80,73,36,1640801115,0.0,27,20,22,,GAS-22JAN03-A3.211,greater,,3.211,,>$3.211,finalized,2021-12-29 18:05:15,2021-12-29
20,80,73,36,1640801115,0.0,27,20,22,,GAS-22JAN03-A3.211,greater,,3.211,,>$3.211,finalized,2021-12-29 18:05:15,2021-12-29
21,80,73,36,1640801115,0.0,27,20,22,,GAS-22JAN03-A3.211,greater,,3.211,,>$3.211,finalized,2021-12-29 18:05:15,2021-12-29
22,80,73,36,1640801115,0.0,27,20,22,,GAS-22JAN03-A3.211,greater,,3.211,,>$3.211,finalized,2021-12-29 18:05:15,2021-12-29
23,79,73,36,1640801115,0.0,27,21,22,,GAS-22JAN03-A3.211,greater,,3.211,,>$3.211,finalized,2021-12-29 18:05:15,2021-12-29
24,79,75,36,1640801115,0.0,25,21,22,,GAS-22JAN03-A3.211,greater,,3.211,,>$3.211,finalized,2021-12-29 18:05:15,2021-12-29
25,79,75,36,1640801115,0.0,25,21,22,,GAS-22JAN03-A3.211,greater,,3.211,,>$3.211,finalized,2021-12-29 18:05:15,2021-12-29
26,79,75,36,1640801115,0.0,25,21,22,,GAS-22JAN03-A3.211,greater,,3.211,,>$3.211,finalized,2021-12-29 18:05:15,2021-12-29
27,79,75,36,1640811195,0.0,25,21,22,,GAS-22JAN03-A3.211,greater,,3.211,,>$3.211,finalized,2021-12-29 20:53:15,2021-12-29
28,79,75,36,1640811195,0.0,25,21,22,,GAS-22JAN03-A3.211,greater,,3.211,,>$3.211,finalized,2021-12-29 20:53:15,2021-12-29
29,79,75,36,1640811195,0.0,25,21,22,,GAS-22JAN03-A3.211,greater,,3.211,,>$3.211,finalized,2021-12-29 20:53:15,2021-12-29
30,79,75,36,1640811195,0.0,25,21,22,,GAS-22JAN03-A3.211,greater,,3.211,,>$3.211,finalized,2021-12-29 20:53:15,2021-12-29
31,99,75,36,1640811195,0.0,25,1,22,,GAS-22JAN03-A3.211,greater,,3.211,,>$3.211,finalized,2021-12-29 20:53:15,2021-12-29
32,99,74,36,1640811195,0.0,26,1,22,,GAS-22JAN03-A3.211,greater,,3.211,,>$3.211,finalized,2021-12-29 20:53:15,2021-12-29
33,99,73,36,1640811196,0.0,27,1,22,,GAS-22JAN03-A3.211,greater,,3.211,,>$3.211,finalized,2021-12-29 20:53:16,2021-12-29
34,99,72,36,1640811196,0.0,28,1,22,,GAS-22JAN03-A3.211,greater,,3.211,,>$3.211,finalized,2021-12-29 20:53:16,2021-12-29
35,99,71,36,1640811196,0.0,29,1,22,,GAS-22JAN03-A3.211,greater,,3.211,,>$3.211,finalized,2021-12-29 20:53:16,2021-12-29
36,99,0,36,1640811196,0.0,100,1,22,,GAS-22JAN03-A3.211,greater,,3.211,,>$3.211,finalized,2021-12-29 20:53:16,2021-12-29
37,83,0,36,1640811196,0.0,100,17,22,,GAS-22JAN03-A3.211,greater,,3.211,,>$3.211,finalized,2021-12-29 20:53:16,2021-12-29
38,82,0,36,1640811196,0.0,100,18,22,,GAS-22JAN03-A3.211,greater,,3.211,,>$3.211,finalized,2021-12-29 20:53:16,2021-12-29
39,81,0,36,1640811196,0.0,100,19,22,,GAS-22JAN03-A3.211,greater,,3.211,,>$3.211,finalized,2021-12-29 20:53:16,2021-12-29
40,80,0,36,1640811196,0.0,100,20,22,,GAS-22JAN03-A3.211,greater,,3.211,,>$3.211,finalized,2021-12-29 20:53:16,2021-12-29
41,79,0,36,1640811196,0.0,100,21,22,,GAS-22JAN03-A3.211,greater,,3.211,,>$3.211,finalized,2021-12-29 20:53:16,2021-12-29
42,79,75,36,1640811196,0.0,25,21,22,,GAS-22JAN03-A3.211,greater,,3.211,,>$3.211,finalized,2021-12-29 20:53:16,2021-12-29
43,79,75,36,1640811196,0.0,25,21,22,,GAS-22JAN03-A3.211,greater,,3.211,,>$3.211,finalized,2021-12-29 20:53:16,2021-12-29
44,79,75,36,1640811196,0.0,25,21,22,,GAS-22JAN03-A3.211,greater,,3.211,,>$3.211,finalized,2021-12-29 20:53:16,2021-12-29
45,79,75,36,1640811196,0.0,25,21,22,,GAS-22JAN03-A3.211,greater,,3.211,,>$3.211,finalized,2021-12-29 20:53:16,2021-12-29
46,79,75,36,1640811196,0.0,25,21,22,,GAS-22JAN03-A3.211,greater,,3.211,,>$3.211,finalized,2021-12-29 20:53:16,2021-12-29
47,79,75,41,1640820592,5.0,25,21,21,,GAS-22JAN03-A3.211,greater,,3.211,,>$3.211,finalized,2021-12-29 23:29:52,2021-12-29
48,79,74,41,1640820616,0.0,26,21,21,,GAS-22JAN03-A3.211,greater,,3.211,,>$3.211,finalized,2021-12-29 23:30:16,2021-12-29
49,79,74,41,1640820616,0.0,26,21,21,,GAS-22JAN03-A3.211,greater,,3.211,,>$3.211,finalized,2021-12-29 23:30:16,2021-12-29
50,79,75,41,1640820616,0.0,25,21,21,,GAS-22JAN03-A3.211,greater,,3.211,,>$3.211,finalized,2021-12-29 23:30:16,2021-12-29
51,79,76,41,1640820619,0.0,24,21,21,,GAS-22JAN03-A3.211,greater,,3.211,,>$3.211,finalized,2021-12-29 23:30:19,2021-12-29
52,79,76,41,1640826790,0.0,24,21,21,,GAS-22JAN03-A3.211,greater,,3.211,,>$3.211,finalized,2021-12-30 01:13:10,2021-12-30
53,79,76,41,1640826790,0.0,24,21,21,,GAS-22JAN03-A3.211,greater,,3.211,,>$3.211,finalized,2021-12-30 01:13:10,2021-12-30
54,76,75,43,1640827000,2.0,25,24,24,,GAS-22JAN03-A3.211,greater,,3.211,,>$3.211,finalized,2021-12-30 01:16:40,2021-12-30
55,76,75,43,1640827002,0.0,25,24,24,,GAS-22JAN03-A3.211,greater,,3.211,,>$3.211,finalized,2021-12-30 01:16:42,2021-12-30
56,76,75,43,1640827002,0.0,25,24,24,,GAS-22JAN03-A3.211,greater,,3.211,,>$3.211,finalized,2021-12-30 01:16:42,2021-12-30
57,76,75,43,1640827002,0.0,25,24,24,,GAS-22JAN03-A3.211,greater,,3.211,,>$3.211,finalized,2021-12-30 01:16:42,2021-12-30
58,76,75,43,1640827002,0.0,25,24,24,,GAS-22JAN03-A3.211,greater,,3.211,,>$3.211,finalized,2021-12-30 01:16:42,2021-12-30
59,79,75,43,1640827264,0.0,25,21,24,,GAS-22JAN03-A3.211,greater,,3.211,,>$3.211,finalized,2021-12-30 01:21:04,2021-12-30
60,79,75,43,1640827274,0.0,25,21,24,,GAS-22JAN03-A3.211,greater,,3.211,,>$3.211,finalized,2021-12-30 01:21:14,2021-12-30
61,79,75,43,1640827274,0.0,25,21,24,,GAS-22JAN03-A3.211,greater,,3.211,,>$3.211,finalized,2021-12-30 01:21:14,2021-12-30
62,79,75,43,1640827275,0.0,25,21,24,,GAS-22JAN03-A3.211,greater,,3.211,,>$3.211,finalized,2021-12-30 01:21:15,2021-12-30
63,79,75,43,1640827275,0.0,25,21,24,,GAS-22JAN03-A3.211,greater,,3.211,,>$3.211,finalized,2021-12-30 01:21:15,2021-12-30
64,79,75,43,1640827278,13.0,25,21,25,,GAS-22JAN03-A3.211,greater,,3.211,,>$3.211,finalized,2021-12-30 01:21:18,2021-12-30
65,79,75,43,1640827334,0.0,25,21,25,,GAS-22JAN03-A3.211,greater,,3.211,,>$3.211,finalized,2021-12-30 01:22:14,2021-12-30
66,80,75,43,1640827334,0.0,25,20,25,,GAS-22JAN03-A3.211,greater,,3.211,,>$3.211,finalized,2021-12-30 01:22:14,2021-12-30
67,80,75,43,1640827334,0.0,25,20,25,,GAS-22JAN03-A3.211,greater,,3.211,,>$3.211,finalized,2021-12-30 01:22:14,2021-12-30
68,80,75,43,1640827334,0.0,25,20,25,,GAS-22JAN03-A3.211,greater,,3.211,,>$3.211,finalized,2021-12-30 01:22:14,2021-12-30
69,79,75,43,1640827334,0.0,25,21,25,,GAS-22JAN03-A3.211,greater,,3.211,,>$3.211,finalized,2021-12-30 01:22:14,2021-12-30
70,78,75,43,1640827334,0.0,25,22,25,,GAS-22JAN03-A3.211,greater,,3.211,,>$3.211,finalized,2021-12-30 01:22:14,2021-12-30
71,78,75,43,1640827334,0.0,25,22,25,,GAS-22JAN03-A3.211,greater,,3.211,,>$3.211,finalized,2021-12-30 01:22:14,2021-12-30
72,78,75,43,1640827349,0.0,25,22,25,,GAS-22JAN03-A3.211,greater,,3.211,,>$3.211,finalized,2021-12-30 01:22:29,2021-12-30
73,78,75,43,1640827349,0.0,25,22,25,,GAS-22JAN03-A3.211,greater,,3.211,,>$3.211,finalized,2021-12-30 01:22:29,2021-12-30
74,78,75,43,1640827349,0.0,25,22,25,,GAS-22JAN03-A3.211,greater,,3.211,,>$3.211,finalized,2021-12-30 01:22:29,2021-12-30
75,78,75,43,1640827349,0.0,25,22,25,,GAS-22JAN03-A3.211,greater,,3.211,,>$3.211,finalized,2021-12-30 01:22:29,2021-12-30
76,78,75,43,1640868378,0.0,25,22,25,,GAS-22JAN03-A3.211,greater,,3.211,,>$3.211,finalized,2021-12-30 12:46:18,2021-12-30
77,78,75,43,1640868378,0.0,25,22,25,,GAS-22JAN03-A3.211,greater,,3.211,,>$3.211,finalized,2021-12-30 12:46:18,2021-12-30
78,78,75,43,1640868378,0.0,25,22,25,,GAS-22JAN03-A3.211,greater,,3.211,,>$3.211,finalized,2021-12-30 12:46:18,2021-12-30
79,78,75,43,1640868378,0.0,25,22,25,,GAS-22JAN03-A3.211,greater,,3.211,,>$3.211,finalized,2021-12-30 12:46:18,2021-12-30
80,87,75,43,1640868378,0.0,25,13,25,,GAS-22JAN03-A3.211,greater,,3.211,,>$3.211,finalized,2021-12-30 12:46:18,2021-12-30
81,87,74,43,1640868378,0.0,26,13,25,,GAS-22JAN03-A3.211,greater,,3.211,,>$3.211,finalized,2021-12-30 12:46:18,2021-12-30
82,87,73,43,1640868378,0.0,27,13,25,,GAS-22JAN03-A3.211,greater,,3.211,,>$3.211,finalized,2021-12-30 12:46:18,2021-12-30
83,87,72,43,1640868378,0.0,28,13,25,,GAS-22JAN03-A3.211,greater,,3.211,,>$3.211,finalized,2021-12-30 12:46:18,2021-12-30
84,87,71,43,1640868378,0.0,29,13,25,,GAS-22JAN03-A3.211,greater,,3.211,,>$3.211,finalized,2021-12-30 12:46:18,2021-12-30
85,87,57,43,1640868378,0.0,43,13,25,,GAS-22JAN03-A3.211,greater,,3.211,,>$3.211,finalized,2021-12-30 12:46:18,2021-12-30
86,59,57,43,1640869219,0.0,43,41,25,,GAS-22JAN03-A3.211,greater,,3.211,,>$3.211,finalized,2021-12-30 13:00:19,2021-12-30
87,58,57,43,1640869219,0.0,43,42,25,,GAS-22JAN03-A3.211,greater,,3.211,,>$3.211,finalized,2021-12-30 13:00:19,2021-12-30
88,58,57,95,1640869219,52.0,43,42,43,,GAS-22JAN03-A3.211,greater,,3.211,,>$3.211,finalized,2021-12-30 13:00:19,2021-12-30
89,56,0,142,1640869219,47.0,100,44,43,,GAS-22JAN03-A3.211,greater,,3.211,,>$3.211,finalized,2021-12-30 13:00:19,2021-12-30
90,55,0,142,1640869219,0.0,100,45,43,,GAS-22JAN03-A3.211,greater,,3.211,,>$3.211,finalized,2021-12-30 13:00:19,2021-12-30
91,55,51,142,1640869219,0.0,49,45,43,,GAS-22JAN03-A3.211,greater,,3.211,,>$3.211,finalized,2021-12-30 13:00:19,2021-12-30
92,55,51,142,1640869219,0.0,49,45,43,,GAS-22JAN03-A3.211,greater,,3.211,,>$3.211,finalized,2021-12-30 13:00:19,2021-12-30
93,55,51,142,1640869219,0.0,49,45,43,,GAS-22JAN03-A3.211,greater,,3.211,,>$3.211,finalized,2021-12-30 13:00:19,2021-12-30
94,55,51,142,1640869219,0.0,49,45,43,,GAS-22JAN03-A3.211,greater,,3.211,,>$3.211,finalized,2021-12-30 13:00:19,2021-12-30
95,55,51,142,1640869219,0.0,49,45,43,,GAS-22JAN03-A3.211,greater,,3.211,,>$3.211,finalized,2021-12-30 13:00:19,2021-12-30
96,55,51,142,1640869237,0.0,49,45,43,,GAS-22JAN03-A3.211,greater,,3.211,,>$3.211,finalized,2021-12-30 13:00:37,2021-12-30
97,55,51,142,1640869237,0.0,49,45,43,,GAS-22JAN03-A3.211,greater,,3.211,,>$3.211,finalized,2021-12-30 13:00:37,2021-12-30
98,55,51,142,1640869237,0.0,49,45,43,,GAS-22JAN03-A3.211,greater,,3.211,,>$3.211,finalized,2021-12-30 13:00:37,2021-12-30
99,55,51,142,1640869237,0.0,49,45,43,,GAS-22JAN03-A3.211,greater,,3.211,,>$3.211,finalized,2021-12-30 13:00:37,2021-12-30
100,55,51,142,1640869280,155.0,49,45,43,,GAS-22JAN03-A3.211,greater,,3.211,,>$3.211,finalized,2021-12-30 13:01:20,2021-12-30
101,55,51,142,1640869280,0.0,49,45,43,,GAS-22JAN03-A3.211,greater,,3.211,,>$3.211,finalized,2021-12-30 13:01:20,2021-12-30
102,55,51,142,1640869281,0.0,49,45,43,,GAS-22JAN03-A3.211,greater,,3.211,,>$3.211,finalized,2021-12-30 13:01:21,2021-12-30
103,59,51,142,1640869281,0.0,49,41,43,,GAS-22JAN03-A3.211,greater,,3.211,,>$3.211,finalized,2021-12-30 13:01:21,2021-12-30
104,59,50,142,1640869281,0.0,50,41,43,,GAS-22JAN03-A3.211,greater,,3.211,,>$3.211,finalized,2021-12-30 13:01:21,2021-12-30
105,59,50,142,1640869281,0.0,50,41,43,,GAS-22JAN03-A3.211,greater,,3.211,,>$3.211,finalized,2021-12-30 13:01:21,2021-12-30
106,59,50,142,1640869281,0.0,50,41,43,,GAS-22JAN03-A3.211,greater,,3.211,,>$3.211,finalized,2021-12-30 13:01:21,2021-12-30
107,59,50,142,1640869281,0.0,50,41,43,,GAS-22JAN03-A3.211,greater,,3.211,,>$3.211,finalized,2021-12-30 13:01:21,2021-12-30
108,59,50,142,1640869281,0.0,50,41,43,,GAS-22JAN03-A3.211,greater,,3.211,,>$3.211,finalized,2021-12-30 13:01:21,2021-12-30
109,59,50,142,1640869281,0.0,50,41,43,,GAS-22JAN03-A3.211,greater,,3.211,,>$3.211,finalized,2021-12-30 13:01:21,2021-12-30
110,58,50,142,1640869281,0.0,50,42,43,,GAS-22JAN03-A3.211,greater,,3.211,,>$3.211,finalized,2021-12-30 13:01:21,2021-12-30
111,57,50,142,1640869281,0.0,50,43,43,,GAS-22JAN03-A3.211,greater,,3.211,,>$3.211,finalized,2021-12-30 13:01:21,2021-12-30
112,57,53,142,1640869281,0.0,47,43,43,,GAS-22JAN03-A3.211,greater,,3.211,,>$3.211,finalized,2021-12-30 13:01:21,2021-12-30
113,57,53,142,1640869281,0.0,47,43,43,,GAS-22JAN03-A3.211,greater,,3.211,,>$3.211,finalized,2021-12-30 13:01:21,2021-12-30
114,57,53,142,1640869281,0.0,47,43,43,,GAS-22JAN03-A3.211,greater,,3.211,,>$3.211,finalized,2021-12-30 13:01:21,2021-12-30
115,57,53,142,1640869308,0.0,47,43,43,,GAS-22JAN03-A3.211,greater,,3.211,,>$3.211,finalized,2021-12-30 13:01:48,2021-12-30
116,57,53,142,1640869308,0.0,47,43,43,,GAS-22JAN03-A3.211,greater,,3.211,,>$3.211,finalized,2021-12-30 13:01:48,2021-12-30
117,57,53,142,1640869308,0.0,47,43,43,,GAS-22JAN03-A3.211,greater,,3.211,,>$3.211,finalized,2021-12-30 13:01:48,2021-12-30
118,57,53,142,1640869308,0.0,47,43,43,,GAS-22JAN03-A3.211,greater,,3.211,,>$3.211,finalized,2021-12-30 13:01:48,2021-12-30
119,57,53,142,1640876427,0.0,47,43,43,,GAS-22JAN03-A3.211,greater,,3.211,,>$3.211,finalized,2021-12-30 15:00:27,2021-12-30
120,57,53,142,1640876427,0.0,47,43,43,,GAS-22JAN03-A3.211,greater,,3.211,,>$3.211,finalized,2021-12-30 15:00:27,2021-12-30
121,57,53,142,1640876427,0.0,47,43,43,,GAS-22JAN03-A3.211,greater,,3.211,,>$3.211,finalized,2021-12-30 15:00:27,2021-12-30
122,57,53,152,1640901063,10.0,47,43,43,,GAS-22JAN03-A3.211,greater,,3.211,,>$3.211,finalized,2021-12-30 21:51:03,2021-12-30
123,57,53,152,1640901065,0.0,47,43,43,,GAS-22JAN03-A3.211,greater,,3.211,,>$3.211,finalized,2021-12-30 21:51:05,2021-12-30
124,57,53,152,1640901065,0.0,47,43,43,,GAS-22JAN03-A3.211,greater,,3.211,,>$3.211,finalized,2021-12-30 21:51:05,2021-12-30
125,57,53,152,1640901077,0.0,47,43,43,,GAS-22JAN03-A3.211,greater,,3.211,,>$3.211,finalized,2021-12-30 21:51:17,2021-12-30
126,57,53,152,1640901077,0.0,47,43,43,,GAS-22JAN03-A3.211,greater,,3.211,,>$3.211,finalized,2021-12-30 21:51:17,2021-12-30
127,57,52,152,1640901077,0.0,48,43,43,,GAS-22JAN03-A3.211,greater,,3.211,,>$3.211,finalized,2021-12-30 21:51:17,2021-12-30
128,57,52,152,1640901077,0.0,48,43,43,,GAS-22JAN03-A3.211,greater,,3.211,,>$3.211,finalized,2021-12-30 21:51:17,2021-12-30
129,57,52,152,1640901077,0.0,48,43,43,,GAS-22JAN03-A3.211,greater,,3.211,,>$3.211,finalized,2021-12-30 21:51:17,2021-12-30
130,57,53,152,1640901077,0.0,47,43,43,,GAS-22JAN03-A3.211,greater,,3.211,,>$3.211,finalized,2021-12-30 21:51:17,2021-12-30
131,57,53,152,1640901104,0.0,47,43,43,,GAS-22JAN03-A3.211,greater,,3.211,,>$3.211,finalized,2021-12-30 21:51:44,2021-12-30
132,57,53,186,1640907782,34.0,47,43,43,,GAS-22JAN03-A3.211,greater,,3.211,,>$3.211,finalized,2021-12-30 23:43:02,2021-12-30
133,57,53,186,1640907787,0.0,47,43,43,,GAS-22JAN03-A3.211,greater,,3.211,,>$3.211,finalized,2021-12-30 23:43:07,2021-12-30
134,57,53,186,1640907787,0.0,47,43,43,,GAS-22JAN03-A3.211,greater,,3.211,,>$3.211,finalized,2021-12-30 23:43:07,2021-12-30
135,57,53,186,1640907803,0.0,47,43,43,,GAS-22JAN03-A3.211,greater,,3.211,,>$3.211,finalized,2021-12-30 23:43:23,2021-12-30
136,57,53,186,1640907803,0.0,47,43,43,,GAS-22JAN03-A3.211,greater,,3.211,,>$3.211,finalized,2021-12-30 23:43:23,2021-12-30
137,57,52,186,1640907803,0.0,48,43,43,,GAS-22JAN03-A3.211,greater,,3.211,,>$3.211,finalized,2021-12-30 23:43:23,2021-12-30
138,57,52,186,1640907803,0.0,48,43,43,,GAS-22JAN03-A3.211,greater,,3.211,,>$3.211,finalized,2021-12-30 23:43:23,2021-12-30
139,57,52,186,1640907803,0.0,48,43,43,,GAS-22JAN03-A3.211,greater,,3.211,,>$3.211,finalized,2021-12-30 23:43:23,2021-12-30
140,57,52,186,1640907803,0.0,48,43,43,,GAS-22JAN03-A3.211,greater,,3.211,,>$3.211,finalized,2021-12-30 23:43:23,2021-12-30
141,57,52,186,1640907803,0.0,48,43,43,,GAS-22JAN03-A3.211,greater,,3.211,,>$3.211,finalized,2021-12-30 23:43:23,2021-12-30
142,57,54,186,1640907803,0.0,46,43,43,,GAS-22JAN03-A3.211,greater,,3.211,,>$3.211,finalized,2021-12-30 23:43:23,2021-12-30
143,57,54,186,1640907803,0.0,46,43,43,,GAS-22JAN03-A3.211,greater,,3.211,,>$3.211,finalized,2021-12-30 23:43:23,2021-12-30
144,57,54,186,1640907824,0.0,46,43,43,,GAS-22JAN03-A3.211,greater,,3.211,,>$3.211,finalized,2021-12-30 23:43:44,2021-12-30
145,57,54,186,1640907824,0.0,46,43,43,,GAS-22JAN03-A3.211,greater,,3.211,,>$3.211,finalized,2021-12-30 23:43:44,2021-12-30
146,57,54,186,1640907825,0.0,46,43,43,,GAS-22JAN03-A3.211,greater,,3.211,,>$3.211,finalized,2021-12-30 23:43:45,2021-12-30
147,58,54,186,1640912599,20.0,46,42,42,,GAS-22JAN03-A3.211,greater,,3.211,,>$3.211,finalized,2021-12-31 01:03:19,2021-12-31
148,58,54,186,1640912633,0.0,46,42,42,,GAS-22JAN03-A3.211,greater,,3.211,,>$3.211,finalized,2021-12-31 01:03:53,2021-12-31
149,58,54,186,1640912633,0.0,46,42,42,,GAS-22JAN03-A3.211,greater,,3.211,,>$3.211,finalized,2021-12-31 01:03:53,2021-12-31
150,58,54,186,1640913899,8.0,46,42,42,,GAS-22JAN03-A3.211,greater,,3.211,,>$3.211,finalized,2021-12-31 01:24:59,2021-12-31
151,58,54,186,1640913925,0.0,46,42,42,,GAS-22JAN03-A3.211,greater,,3.211,,>$3.211,finalized,2021-12-31 01:25:25,2021-12-31
152,58,54,186,1640913926,0.0,46,42,42,,GAS-22JAN03-A3.211,greater,,3.211,,>$3.211,finalized,2021-12-31 01:25:26,2021-12-31
153,58,54,186,1640954782,0.0,46,42,42,,GAS-22JAN03-A3.211,greater,,3.211,,>$3.211,finalized,2021-12-31 12:46:22,2021-12-31
154,58,54,186,1640954782,0.0,46,42,42,,GAS-22JAN03-A3.211,greater,,3.211,,>$3.211,finalized,2021-12-31 12:46:22,2021-12-31
155,58,54,186,1640954782,0.0,46,42,42,,GAS-22JAN03-A3.211,greater,,3.211,,>$3.211,finalized,2021-12-31 12:46:22,2021-12-31
156,58,54,186,1640954782,0.0,46,42,42,,GAS-22JAN03-A3.211,greater,,3.211,,>$3.211,finalized,2021-12-31 12:46:22,2021-12-31
157,58,54,186,1640954782,0.0,46,42,42,,GAS-22JAN03-A3.211,greater,,3.211,,>$3.211,finalized,2021-12-31 12:46:22,2021-12-31
158,58,53,186,1640954783,0.0,47,42,42,,GAS-22JAN03-A3.211,greater,,3.211,,>$3.211,finalized,2021-12-31 12:46:23,2021-12-31
159,58,52,186,1640954783,0.0,48,42,42,,GAS-22JAN03-A3.211,greater,,3.211,,>$3.211,finalized,2021-12-31 12:46:23,2021-12-31
160,58,52,186,1640954783,0.0,48,42,42,,GAS-22JAN03-A3.211,greater,,3.211,,>$3.211,finalized,2021-12-31 12:46:23,2021-12-31
161,58,52,186,1640954783,0.0,48,42,42,,GAS-22JAN03-A3.211,greater,,3.211,,>$3.211,finalized,2021-12-31 12:46:23,2021-12-31
162,58,52,186,1640954783,0.0,48,42,42,,GAS-22JAN03-A3.211,greater,,3.211,,>$3.211,finalized,2021-12-31 12:46:23,2021-12-31
163,58,52,186,1640955623,0.0,48,42,42,,GAS-22JAN03-A3.211,greater,,3.211,,>$3.211,finalized,2021-12-31 13:00:23,2021-12-31
164,57,52,186,1640955623,0.0,48,43,42,,GAS-22JAN03-A3.211,greater,,3.211,,>$3.211,finalized,2021-12-31 13:00:23,2021-12-31
165,56,52,186,1640955623,0.0,48,44,42,,GAS-22JAN03-A3.211,greater,,3.211,,>$3.211,finalized,2021-12-31 13:00:23,2021-12-31
166,56,52,186,1640955623,0.0,48,44,42,,GAS-22JAN03-A3.211,greater,,3.211,,>$3.211,finalized,2021-12-31 13:00:23,2021-12-31
167,56,52,186,1640955623,0.0,48,44,42,,GAS-22JAN03-A3.211,greater,,3.211,,>$3.211,finalized,2021-12-31 13:00:23,2021-12-31
168,56,52,186,1640955623,0.0,48,44,42,,GAS-22JAN03-A3.211,greater,,3.211,,>$3.211,finalized,2021-12-31 13:00:23,2021-12-31
169,56,52,186,1640955635,0.0,48,44,42,,GAS-22JAN03-A3.211,greater,,3.211,,>$3.211,finalized,2021-12-31 13:00:35,2021-12-31
170,56,52,186,1640955635,0.0,48,44,42,,GAS-22JAN03-A3.211,greater,,3.211,,>$3.211,finalized,2021-12-31 13:00:35,2021-12-31
171,56,52,186,1640955635,0.0,48,44,42,,GAS-22JAN03-A3.211,greater,,3.211,,>$3.211,finalized,2021-12-31 13:00:35,2021-12-31
172,56,52,186,1640955635,0.0,48,44,42,,GAS-22JAN03-A3.211,greater,,3.211,,>$3.211,finalized,2021-12-31 13:00:35,2021-12-31
173,56,52,186,1640955636,0.0,48,44,42,,GAS-22JAN03-A3.211,greater,,3.211,,>$3.211,finalized,2021-12-31 13:00:36,2021-12-31
174,56,52,186,1640955636,0.0,48,44,42,,GAS-22JAN03-A3.211,greater,,3.211,,>$3.211,finalized,2021-12-31 13:00:36,2021-12-31
175,56,52,186,1640955636,0.0,48,44,42,,GAS-22JAN03-A3.211,greater,,3.211,,>$3.211,finalized,2021-12-31 13:00:36,2021-12-31
176,56,52,186,1640955636,0.0,48,44,42,,GAS-22JAN03-A3.211,greater,,3.211,,>$3.211,finalized,2021-12-31 13:00:36,2021-12-31
177,56,52,186,1640955636,0.0,48,44,42,,GAS-22JAN03-A3.211,greater,,3.211,,>$3.211,finalized,2021-12-31 13:00:36,2021-12-31
178,56,52,186,1640955636,0.0,48,44,42,,GAS-22JAN03-A3.211,greater,,3.211,,>$3.211,finalized,2021-12-31 13:00:36,2021-12-31
179,56,52,186,1640955636,0.0,48,44,42,,GAS-22JAN03-A3.211,greater,,3.211,,>$3.211,finalized,2021-12-31 13:00:36,2021-12-31
180,56,52,186,1640955636,0.0,48,44,42,,GAS-22JAN03-A3.211,greater,,3.211,,>$3.211,finalized,2021-12-31 13:00:36,2021-12-31
181,56,52,186,1640955637,0.0,48,44,42,,GAS-22JAN03-A3.211,greater,,3.211,,>$3.211,finalized,2021-12-31 13:00:37,2021-12-31
182,56,52,186,1640968389,0.0,48,44,42,,GAS-22JAN03-A3.211,greater,,3.211,,>$3.211,finalized,2021-12-31 16:33:09,2021-12-31
183,56,52,186,1640968389,0.0,48,44,42,,GAS-22JAN03-A3.211,greater,,3.211,,>$3.211,finalized,2021-12-31 16:33:09,2021-12-31
184,56,52,186,1640968390,0.0,48,44,42,,GAS-22JAN03-A3.211,greater,,3.211,,>$3.211,finalized,2021-12-31 16:33:10,2021-12-31
185,56,52,186,1640968390,0.0,48,44,42,,GAS-22JAN03-A3.211,greater,,3.211,,>$3.211,finalized,2021-12-31 16:33:10,2021-12-31
186,56,52,194,1640985956,8.0,48,44,44,,GAS-22JAN03-A3.211,greater,,3.211,,>$3.211,finalized,2021-12-31 21:25:56,2021-12-31
187,56,52,194,1640985971,0.0,48,44,44,,GAS-22JAN03-A3.211,greater,,3.211,,>$3.211,finalized,2021-12-31 21:26:11,2021-12-31
188,56,52,194,1640985971,0.0,48,44,44,,GAS-22JAN03-A3.211,greater,,3.211,,>$3.211,finalized,2021-12-31 21:26:11,2021-12-31
189,56,51,194,1640985983,0.0,49,44,44,,GAS-22JAN03-A3.211,greater,,3.211,,>$3.211,finalized,2021-12-31 21:26:23,2021-12-31
190,56,51,194,1640985983,0.0,49,44,44,,GAS-22JAN03-A3.211,greater,,3.211,,>$3.211,finalized,2021-12-31 21:26:23,2021-12-31
191,56,51,194,1640985983,0.0,49,44,44,,GAS-22JAN03-A3.211,greater,,3.211,,>$3.211,finalized,2021-12-31 21:26:23,2021-12-31
192,56,51,194,1640985983,0.0,49,44,44,,GAS-22JAN03-A3.211,greater,,3.211,,>$3.211,finalized,2021-12-31 21:26:23,2021-12-31
193,56,52,194,1640985983,0.0,48,44,44,,GAS-22JAN03-A3.211,greater,,3.211,,>$3.211,finalized,2021-12-31 21:26:23,2021-12-31
194,56,52,194,1640985984,0.0,48,44,44,,GAS-22JAN03-A3.211,greater,,3.211,,>$3.211,finalized,2021-12-31 21:26:24,2021-12-31
195,56,52,195,1640990017,1.0,48,44,44,,GAS-22JAN03-A3.211,greater,,3.211,,>$3.211,finalized,2021-12-31 22:33:37,2021-12-31
196,56,52,195,1640990040,0.0,48,44,44,,GAS-22JAN03-A3.211,greater,,3.211,,>$3.211,finalized,2021-12-31 22:34:00,2021-12-31
197,56,52,195,1640990065,0.0,48,44,44,,GAS-22JAN03-A3.211,greater,,3.211,,>$3.211,finalized,2021-12-31 22:34:25,2021-12-31
198,56,52,195,1640990065,0.0,48,44,44,,GAS-22JAN03-A3.211,greater,,3.211,,>$3.211,finalized,2021-12-31 22:34:25,2021-12-31
199,56,51,195,1640990065,0.0,49,44,44,,GAS-22JAN03-A3.211,greater,,3.211,,>$3.211,finalized,2021-12-31 22:34:25,2021-12-31
200,56,51,195,1640990065,236.0,49,44,44,,GAS-22JAN03-A3.211,greater,,3.211,,>$3.211,finalized,2021-12-31 22:34:25,2021-12-31
201,56,52,195,1640990065,0.0,48,44,44,,GAS-22JAN03-A3.211,greater,,3.211,,>$3.211,finalized,2021-12-31 22:34:25,2021-12-31
202,56,52,195,1640990076,0.0,48,44,44,,GAS-22JAN03-A3.211,greater,,3.211,,>$3.211,finalized,2021-12-31 22:34:36,2021-12-31
203,58,52,294,1641068977,170.0,48,42,42,,GAS-22JAN03-A3.211,greater,,3.211,,>$3.211,finalized,2022-01-01 20:29:37,2022-01-01
204,58,52,294,1641068978,0.0,48,42,42,,GAS-22JAN03-A3.211,greater,,3.211,,>$3.211,finalized,2022-01-01 20:29:38,2022-01-01
205,58,52,294,1641068978,0.0,48,42,42,,GAS-22JAN03-A3.211,greater,,3.211,,>$3.211,finalized,2022-01-01 20:29:38,2022-01-01
206,58,52,294,1641068979,0.0,48,42,42,,GAS-22JAN03-A3.211,greater,,3.211,,>$3.211,finalized,2022-01-01 20:29:39,2022-01-01
207,58,52,294,1641068979,0.0,48,42,42,,GAS-22JAN03-A3.211,greater,,3.211,,>$3.211,finalized,2022-01-01 20:29:39,2022-01-01
208,58,52,294,1641068979,0.0,48,42,42,,GAS-22JAN03-A3.211,greater,,3.211,,>$3.211,finalized,2022-01-01 20:29:39,2022-01-01
209,66,52,510,1641069011,216.0,48,34,34,,GAS-22JAN03-A3.211,greater,,3.211,,>$3.211,finalized,2022-01-01 20:30:11,2022-01-01
210,66,51,510,1641069015,0.0,49,34,34,,GAS-22JAN03-A3.211,greater,,3.211,,>$3.211,finalized,2022-01-01 20:30:15,2022-01-01
211,66,51,510,1641069015,0.0,49,34,34,,GAS-22JAN03-A3.211,greater,,3.211,,>$3.211,finalized,2022-01-01 20:30:15,2022-01-01
212,66,51,510,1641069016,0.0,49,34,34,,GAS-22JAN03-A3.211,greater,,3.211,,>$3.211,finalized,2022-01-01 20:30:16,2022-01-01
213,66,51,510,1641069016,0.0,49,34,34,,GAS-22JAN03-A3.211,greater,,3.211,,>$3.211,finalized,2022-01-01 20:30:16,2022-01-01
214,66,51,510,1641069016,0.0,49,34,34,,GAS-22JAN03-A3.211,greater,,3.211,,>$3.211,finalized,2022-01-01 20:30:16,2022-01-01
215,62,51,510,1641069016,0.0,49,38,34,,GAS-22JAN03-A3.211,greater,,3.211,,>$3.211,finalized,2022-01-01 20:30:16,2022-01-01
216,61,51,510,1641069016,0.0,49,39,34,,GAS-22JAN03-A3.211,greater,,3.211,,>$3.211,finalized,2022-01-01 20:30:16,2022-01-01
217,60,51,510,1641069016,0.0,49,40,34,,GAS-22JAN03-A3.211,greater,,3.211,,>$3.211,finalized,2022-01-01 20:30:16,2022-01-01
218,59,51,510,1641069016,0.0,49,41,34,,GAS-22JAN03-A3.211,greater,,3.211,,>$3.211,finalized,2022-01-01 20:30:16,2022-01-01
219,58,51,510,1641069016,0.0,49,42,34,,GAS-22JAN03-A3.211,greater,,3.211,,>$3.211,finalized,2022-01-01 20:30:16,2022-01-01
220,58,54,510,1641069016,0.0,46,42,34,,GAS-22JAN03-A3.211,greater,,3.211,,>$3.211,finalized,2022-01-01 20:30:16,2022-01-01
221,58,54,510,1641069016,0.0,46,42,34,,GAS-22JAN03-A3.211,greater,,3.211,,>$3.211,finalized,2022-01-01 20:30:16,2022-01-01
222,58,54,510,1641069016,0.0,46,42,34,,GAS-22JAN03-A3.211,greater,,3.211,,>$3.211,finalized,2022-01-01 20:30:16,2022-01-01
223,58,54,510,1641069016,0.0,46,42,34,,GAS-22JAN03-A3.211,greater,,3.211,,>$3.211,finalized,2022-01-01 20:30:16,2022-01-01
224,58,54,510,1641069047,0.0,46,42,34,,GAS-22JAN03-A3.211,greater,,3.211,,>$3.211,finalized,2022-01-01 20:30:47,2022-01-01
225,58,54,510,1641069047,0.0,46,42,34,,GAS-22JAN03-A3.211,greater,,3.211,,>$3.211,finalized,2022-01-01 20:30:47,2022-01-01
226,58,54,510,1641069047,0.0,46,42,34,,GAS-22JAN03-A3.211,greater,,3.211,,>$3.211,finalized,2022-01-01 20:30:47,2022-01-01
227,58,54,510,1641069076,0.0,46,42,34,,GAS-22JAN03-A3.211,greater,,3.211,,>$3.211,finalized,2022-01-01 20:31:16,2022-01-01
228,58,54,510,1641069076,0.0,46,42,34,,GAS-22JAN03-A3.211,greater,,3.211,,>$3.211,finalized,2022-01-01 20:31:16,2022-01-01
229,58,54,510,1641069076,0.0,46,42,34,,GAS-22JAN03-A3.211,greater,,3.211,,>$3.211,finalized,2022-01-01 20:31:16,2022-01-01
230,61,54,510,1641069076,0.0,46,39,34,,GAS-22JAN03-A3.211,greater,,3.211,,>$3.211,finalized,2022-01-01 20:31:16,2022-01-01
231,61,53,510,1641069076,0.0,47,39,34,,GAS-22JAN03-A3.211,greater,,3.211,,>$3.211,finalized,2022-01-01 20:31:16,2022-01-01
232,61,53,510,1641069076,0.0,47,39,34,,GAS-22JAN03-A3.211,greater,,3.211,,>$3.211,finalized,2022-01-01 20:31:16,2022-01-01
233,61,53,510,1641069076,0.0,47,39,34,,GAS-22JAN03-A3.211,greater,,3.211,,>$3.211,finalized,2022-01-01 20:31:16,2022-01-01
234,61,53,510,1641069076,0.0,47,39,34,,GAS-22JAN03-A3.211,greater,,3.211,,>$3.211,finalized,2022-01-01 20:31:16,2022-01-01
235,61,53,510,1641069076,0.0,47,39,34,,GAS-22JAN03-A3.211,greater,,3.211,,>$3.211,finalized,2022-01-01 20:31:16,2022-01-01
236,61,53,510,1641069076,0.0,47,39,34,,GAS-22JAN03-A3.211,greater,,3.211,,>$3.211,finalized,2022-01-01 20:31:16,2022-01-01
237,61,53,510,1641069076,0.0,47,39,34,,GAS-22JAN03-A3.211,greater,,3.211,,>$3.211,finalized,2022-01-01 20:31:16,2022-01-01
238,61,53,510,1641069076,0.0,47,39,34,,GAS-22JAN03-A3.211,greater,,3.211,,>$3.211,finalized,2022-01-01 20:31:16,2022-01-01
239,61,53,510,1641069076,0.0,47,39,34,,GAS-22JAN03-A3.211,greater,,3.211,,>$3.211,finalized,2022-01-01 20:31:16,2022-01-01
240,61,57,510,1641069076,0.0,43,39,34,,GAS-22JAN03-A3.211,greater,,3.211,,>$3.211,finalized,2022-01-01 20:31:16,2022-01-01
241,61,57,510,1641069076,0.0,43,39,34,,GAS-22JAN03-A3.211,greater,,3.211,,>$3.211,finalized,2022-01-01 20:31:16,2022-01-01
242,61,57,510,1641069076,0.0,43,39,34,,GAS-22JAN03-A3.211,greater,,3.211,,>$3.211,finalized,2022-01-01 20:31:16,2022-01-01
243,61,57,510,1641069076,0.0,43,39,34,,GAS-22JAN03-A3.211,greater,,3.211,,>$3.211,finalized,2022-01-01 20:31:16,2022-01-01
244,61,57,510,1641069084,0.0,43,39,34,,GAS-22JAN03-A3.211,greater,,3.211,,>$3.211,finalized,2022-01-01 20:31:24,2022-01-01
245,61,57,510,1641069084,0.0,43,39,34,,GAS-22JAN03-A3.211,greater,,3.211,,>$3.211,finalized,2022-01-01 20:31:24,2022-01-01
246,61,57,510,1641069084,0.0,43,39,34,,GAS-22JAN03-A3.211,greater,,3.211,,>$3.211,finalized,2022-01-01 20:31:24,2022-01-01
247,61,57,510,1641069084,0.0,43,39,34,,GAS-22JAN03-A3.211,greater,,3.211,,>$3.211,finalized,2022-01-01 20:31:24,2022-01-01
248,62,57,586,1641071606,76.0,43,38,38,,GAS-22JAN03-A3.211,greater,,3.211,,>$3.211,finalized,2022-01-01 21:13:26,2022-01-01
249,62,57,586,1641071608,0.0,43,38,38,,GAS-22JAN03-A3.211,greater,,3.211,,>$3.211,finalized,2022-01-01 21:13:28,2022-01-01
250,62,57,586,1641071608,0.0,43,38,38,,GAS-22JAN03-A3.211,greater,,3.211,,>$3.211,finalized,2022-01-01 21:13:28,2022-01-01
251,62,57,586,1641071609,0.0,43,38,38,,GAS-22JAN03-A3.211,greater,,3.211,,>$3.211,finalized,2022-01-01 21:13:29,2022-01-01
252,62,57,586,1641071609,0.0,43,38,38,,GAS-22JAN03-A3.211,greater,,3.211,,>$3.211,finalized,2022-01-01 21:13:29,2022-01-01
253,62,57,586,1641071657,0.0,43,38,38,,GAS-22JAN03-A3.211,greater,,3.211,,>$3.211,finalized,2022-01-01 21:14:17,2022-01-01
254,62,57,586,1641071657,0.0,43,38,38,,GAS-22JAN03-A3.211,greater,,3.211,,>$3.211,finalized,2022-01-01 21:14:17,2022-01-01
255,62,57,586,1641071657,0.0,43,38,38,,GAS-22JAN03-A3.211,greater,,3.211,,>$3.211,finalized,2022-01-01 21:14:17,2022-01-01
256,62,56,586,1641071657,0.0,44,38,38,,GAS-22JAN03-A3.211,greater,,3.211,,>$3.211,finalized,2022-01-01 21:14:17,2022-01-01
257,62,56,586,1641071657,0.0,44,38,38,,GAS-22JAN03-A3.211,greater,,3.211,,>$3.211,finalized,2022-01-01 21:14:17,2022-01-01
258,62,56,586,1641071657,0.0,44,38,38,,GAS-22JAN03-A3.211,greater,,3.211,,>$3.211,finalized,2022-01-01 21:14:17,2022-01-01
259,62,56,586,1641071657,0.0,44,38,38,,GAS-22JAN03-A3.211,greater,,3.211,,>$3.211,finalized,2022-01-01 21:14:17,2022-01-01
260,62,56,586,1641071657,0.0,44,38,38,,GAS-22JAN03-A3.211,greater,,3.211,,>$3.211,finalized,2022-01-01 21:14:17,2022-01-01
261,62,56,586,1641071657,0.0,44,38,38,,GAS-22JAN03-A3.211,greater,,3.211,,>$3.211,finalized,2022-01-01 21:14:17,2022-01-01
262,62,56,586,1641071658,0.0,44,38,38,,GAS-22JAN03-A3.211,greater,,3.211,,>$3.211,finalized,2022-01-01 21:14:18,2022-01-01
263,62,58,586,1641071658,0.0,42,38,38,,GAS-22JAN03-A3.211,greater,,3.211,,>$3.211,finalized,2022-01-01 21:14:18,2022-01-01
264,62,58,586,1641071658,0.0,42,38,38,,GAS-22JAN03-A3.211,greater,,3.211,,>$3.211,finalized,2022-01-01 21:14:18,2022-01-01
265,62,58,586,1641076225,0.0,42,38,38,,GAS-22JAN03-A3.211,greater,,3.211,,>$3.211,finalized,2022-01-01 22:30:25,2022-01-01
266,62,58,586,1641076225,0.0,42,38,38,,GAS-22JAN03-A3.211,greater,,3.211,,>$3.211,finalized,2022-01-01 22:30:25,2022-01-01
267,62,58,586,1641076225,0.0,42,38,38,,GAS-22JAN03-A3.211,greater,,3.211,,>$3.211,finalized,2022-01-01 22:30:25,2022-01-01
268,62,58,586,1641077511,0.0,42,38,38,,GAS-22JAN03-A3.211,greater,,3.211,,>$3.211,finalized,2022-01-01 22:51:51,2022-01-01
269,62,58,586,1641077511,0.0,42,38,38,,GAS-22JAN03-A3.211,greater,,3.211,,>$3.211,finalized,2022-01-01 22:51:51,2022-01-01
270,62,58,598,1641084623,12.0,42,38,38,,GAS-22JAN03-A3.211,greater,,3.211,,>$3.211,finalized,2022-01-02 00:50:23,2022-01-02
271,62,58,598,1641084677,0.0,42,38,38,,GAS-22JAN03-A3.211,greater,,3.211,,>$3.211,finalized,2022-01-02 00:51:17,2022-01-02
272,62,58,598,1641084677,0.0,42,38,38,,GAS-22JAN03-A3.211,greater,,3.211,,>$3.211,finalized,2022-01-02 00:51:17,2022-01-02
273,62,58,598,1641084677,0.0,42,38,38,,GAS-22JAN03-A3.211,greater,,3.211,,>$3.211,finalized,2022-01-02 00:51:17,2022-01-02
274,62,58,598,1641084677,0.0,42,38,38,,GAS-22JAN03-A3.211,greater,,3.211,,>$3.211,finalized,2022-01-02 00:51:17,2022-01-02
275,62,58,598,1641084677,0.0,42,38,38,,GAS-22JAN03-A3.211,greater,,3.211,,>$3.211,finalized,2022-01-02 00:51:17,2022-01-02
276,62,58,598,1641084699,0.0,42,38,38,,GAS-22JAN03-A3.211,greater,,3.211,,>$3.211,finalized,2022-01-02 00:51:39,2022-01-02
277,62,58,598,1641084699,0.0,42,38,38,,GAS-22JAN03-A3.211,greater,,3.211,,>$3.211,finalized,2022-01-02 00:51:39,2022-01-02
278,62,58,598,1641092114,0.0,42,38,38,,GAS-22JAN03-A3.211,greater,,3.211,,>$3.211,finalized,2022-01-02 02:55:14,2022-01-02
279,62,58,598,1641092114,0.0,42,38,38,,GAS-22JAN03-A3.211,greater,,3.211,,>$3.211,finalized,2022-01-02 02:55:14,2022-01-02
280,62,58,598,1641127516,0.0,42,38,38,,GAS-22JAN03-A3.211,greater,,3.211,,>$3.211,finalized,2022-01-02 12:45:16,2022-01-02
281,62,58,598,1641127516,0.0,42,38,38,,GAS-22JAN03-A3.211,greater,,3.211,,>$3.211,finalized,2022-01-02 12:45:16,2022-01-02
282,62,58,598,1641127516,0.0,42,38,38,,GAS-22JAN03-A3.211,greater,,3.211,,>$3.211,finalized,2022-01-02 12:45:16,2022-01-02
283,62,58,598,1641127516,0.0,42,38,38,,GAS-22JAN03-A3.211,greater,,3.211,,>$3.211,finalized,2022-01-02 12:45:16,2022-01-02
284,72,58,598,1641127516,0.0,42,28,38,,GAS-22JAN03-A3.211,greater,,3.211,,>$3.211,finalized,2022-01-02 12:45:16,2022-01-02
285,72,58,598,1641127516,0.0,42,28,38,,GAS-22JAN03-A3.211,greater,,3.211,,>$3.211,finalized,2022-01-02 12:45:16,2022-01-02
286,72,58,598,1641127516,0.0,42,28,38,,GAS-22JAN03-A3.211,greater,,3.211,,>$3.211,finalized,2022-01-02 12:45:16,2022-01-02
287,72,58,598,1641127516,0.0,42,28,38,,GAS-22JAN03-A3.211,greater,,3.211,,>$3.211,finalized,2022-01-02 12:45:16,2022-01-02
288,72,58,598,1641127516,0.0,42,28,38,,GAS-22JAN03-A3.211,greater,,3.211,,>$3.211,finalized,2022-01-02 12:45:16,2022-01-02
289,72,58,598,1641127516,0.0,42,28,38,,GAS-22JAN03-A3.211,greater,,3.211,,>$3.211,finalized,2022-01-02 12:45:16,2022-01-02
290,72,57,598,1641128415,50.0,43,28,43,,GAS-22JAN03-A3.211,greater,,3.211,,>$3.211,finalized,2022-01-02 13:00:15,2022-01-02
291,72,47,621,1641128415,51.0,53,28,53,,GAS-22JAN03-A3.211,greater,,3.211,,>$3.211,finalized,2022-01-02 13:00:15,2022-01-02
292,72,47,672,1641128415,51.0,53,28,53,,GAS-22JAN03-A3.211,greater,,3.211,,>$3.211,finalized,2022-01-02 13:00:15,2022-01-02
293,43,42,697,1641128415,25.0,58,57,53,,GAS-22JAN03-A3.211,greater,,3.211,,>$3.211,finalized,2022-01-02 13:00:15,2022-01-02
294,42,0,699,1641128415,2.0,100,58,58,,GAS-22JAN03-A3.211,greater,,3.211,,>$3.211,finalized,2022-01-02 13:00:15,2022-01-02
295,42,38,699,1641128415,0.0,62,58,58,,GAS-22JAN03-A3.211,greater,,3.211,,>$3.211,finalized,2022-01-02 13:00:15,2022-01-02
296,42,38,699,1641128415,0.0,62,58,58,,GAS-22JAN03-A3.211,greater,,3.211,,>$3.211,finalized,2022-01-02 13:00:15,2022-01-02
297,42,38,699,1641128415,0.0,62,58,58,,GAS-22JAN03-A3.211,greater,,3.211,,>$3.211,finalized,2022-01-02 13:00:15,2022-01-02
298,42,38,699,1641128415,0.0,62,58,58,,GAS-22JAN03-A3.211,greater,,3.211,,>$3.211,finalized,2022-01-02 13:00:15,2022-01-02
299,42,38,699,1641128415,0.0,62,58,58,,GAS-22JAN03-A3.211,greater,,3.211,,>$3.211,finalized,2022-01-02 13:00:15,2022-01-02
300,42,38,699,1641128432,889.0,62,58,58,,GAS-22JAN03-A3.211,greater,,3.211,,>$3.211,finalized,2022-01-02 13:00:32,2022-01-02
301,42,38,699,1641128432,0.0,62,58,58,,GAS-22JAN03-A3.211,greater,,3.211,,>$3.211,finalized,2022-01-02 13:00:32,2022-01-02
302,42,38,699,1641128432,0.0,62,58,58,,GAS-22JAN03-A3.211,greater,,3.211,,>$3.211,finalized,2022-01-02 13:00:32,2022-01-02
303,42,38,699,1641128432,0.0,62,58,58,,GAS-22JAN03-A3.211,greater,,3.211,,>$3.211,finalized,2022-01-02 13:00:32,2022-01-02
304,42,38,699,1641128476,0.0,62,58,58,,GAS-22JAN03-A3.211,greater,,3.211,,>$3.211,finalized,2022-01-02 13:01:16,2022-01-02
305,53,38,699,1641128476,0.0,62,47,58,,GAS-22JAN03-A3.211,greater,,3.211,,>$3.211,finalized,2022-01-02 13:01:16,2022-01-02
306,53,37,699,1641128476,0.0,63,47,58,,GAS-22JAN03-A3.211,greater,,3.211,,>$3.211,finalized,2022-01-02 13:01:16,2022-01-02
307,53,36,699,1641128476,0.0,64,47,58,,GAS-22JAN03-A3.211,greater,,3.211,,>$3.211,finalized,2022-01-02 13:01:16,2022-01-02
308,53,35,699,1641128476,0.0,65,47,58,,GAS-22JAN03-A3.211,greater,,3.211,,>$3.211,finalized,2022-01-02 13:01:16,2022-01-02
309,53,34,699,1641128476,0.0,66,47,58,,GAS-22JAN03-A3.211,greater,,3.211,,>$3.211,finalized,2022-01-02 13:01:16,2022-01-02
310,53,28,699,1641128476,0.0,72,47,58,,GAS-22JAN03-A3.211,greater,,3.211,,>$3.211,finalized,2022-01-02 13:01:16,2022-01-02
311,50,28,699,1641128476,0.0,72,50,58,,GAS-22JAN03-A3.211,greater,,3.211,,>$3.211,finalized,2022-01-02 13:01:16,2022-01-02
312,49,28,699,1641128477,0.0,72,51,58,,GAS-22JAN03-A3.211,greater,,3.211,,>$3.211,finalized,2022-01-02 13:01:17,2022-01-02
313,48,28,699,1641128477,0.0,72,52,58,,GAS-22JAN03-A3.211,greater,,3.211,,>$3.211,finalized,2022-01-02 13:01:17,2022-01-02
314,47,28,699,1641128477,0.0,72,53,58,,GAS-22JAN03-A3.211,greater,,3.211,,>$3.211,finalized,2022-01-02 13:01:17,2022-01-02
315,46,28,699,1641128477,0.0,72,54,58,,GAS-22JAN03-A3.211,greater,,3.211,,>$3.211,finalized,2022-01-02 13:01:17,2022-01-02
316,46,42,699,1641128477,0.0,58,54,58,,GAS-22JAN03-A3.211,greater,,3.211,,>$3.211,finalized,2022-01-02 13:01:17,2022-01-02
317,46,42,699,1641128477,0.0,58,54,58,,GAS-22JAN03-A3.211,greater,,3.211,,>$3.211,finalized,2022-01-02 13:01:17,2022-01-02
318,46,42,699,1641128477,0.0,58,54,58,,GAS-22JAN03-A3.211,greater,,3.211,,>$3.211,finalized,2022-01-02 13:01:17,2022-01-02
319,46,42,699,1641128477,0.0,58,54,58,,GAS-22JAN03-A3.211,greater,,3.211,,>$3.211,finalized,2022-01-02 13:01:17,2022-01-02
320,46,42,699,1641128477,0.0,58,54,58,,GAS-22JAN03-A3.211,greater,,3.211,,>$3.211,finalized,2022-01-02 13:01:17,2022-01-02
321,46,42,699,1641128499,0.0,58,54,58,,GAS-22JAN03-A3.211,greater,,3.211,,>$3.211,finalized,2022-01-02 13:01:39,2022-01-02
322,46,42,699,1641128499,0.0,58,54,58,,GAS-22JAN03-A3.211,greater,,3.211,,>$3.211,finalized,2022-01-02 13:01:39,2022-01-02
323,46,42,699,1641128499,0.0,58,54,58,,GAS-22JAN03-A3.211,greater,,3.211,,>$3.211,finalized,2022-01-02 13:01:39,2022-01-02
324,46,42,699,1641128499,0.0,58,54,58,,GAS-22JAN03-A3.211,greater,,3.211,,>$3.211,finalized,2022-01-02 13:01:39,2022-01-02
325,46,42,704,1641135272,5.0,58,54,54,,GAS-22JAN03-A3.211,greater,,3.211,,>$3.211,finalized,2022-01-02 14:54:32,2022-01-02
326,46,41,704,1641135316,0.0,59,54,54,,GAS-22JAN03-A3.211,greater,,3.211,,>$3.211,finalized,2022-01-02 14:55:16,2022-01-02
327,46,41,704,1641135316,0.0,59,54,54,,GAS-22JAN03-A3.211,greater,,3.211,,>$3.211,finalized,2022-01-02 14:55:16,2022-01-02
328,46,41,704,1641135316,0.0,59,54,54,,GAS-22JAN03-A3.211,greater,,3.211,,>$3.211,finalized,2022-01-02 14:55:16,2022-01-02
329,46,42,704,1641135316,0.0,58,54,54,,GAS-22JAN03-A3.211,greater,,3.211,,>$3.211,finalized,2022-01-02 14:55:16,2022-01-02
330,46,42,704,1641135316,0.0,58,54,54,,GAS-22JAN03-A3.211,greater,,3.211,,>$3.211,finalized,2022-01-02 14:55:16,2022-01-02
331,46,42,704,1641135638,0.0,58,54,54,,GAS-22JAN03-A3.211,greater,,3.211,,>$3.211,finalized,2022-01-02 15:00:38,2022-01-02
332,46,42,704,1641135638,0.0,58,54,54,,GAS-22JAN03-A3.211,greater,,3.211,,>$3.211,finalized,2022-01-02 15:00:38,2022-01-02
333,46,42,704,1641135638,0.0,58,54,54,,GAS-22JAN03-A3.211,greater,,3.211,,>$3.211,finalized,2022-01-02 15:00:38,2022-01-02
334,46,42,704,1641135638,0.0,58,54,54,,GAS-22JAN03-A3.211,greater,,3.211,,>$3.211,finalized,2022-01-02 15:00:38,2022-01-02
335,46,42,716,1641136248,12.0,58,54,54,,GAS-22JAN03-A3.211,greater,,3.211,,>$3.211,finalized,2022-01-02 15:10:48,2022-01-02
336,46,42,716,1641136274,0.0,58,54,54,,GAS-22JAN03-A3.211,greater,,3.211,,>$3.211,finalized,2022-01-02 15:11:14,2022-01-02
337,46,42,716,1641136274,0.0,58,54,54,,GAS-22JAN03-A3.211,greater,,3.211,,>$3.211,finalized,2022-01-02 15:11:14,2022-01-02
338,46,42,716,1641136275,0.0,58,54,54,,GAS-22JAN03-A3.211,greater,,3.211,,>$3.211,finalized,2022-01-02 15:11:15,2022-01-02
339,46,42,716,1641136275,0.0,58,54,54,,GAS-22JAN03-A3.211,greater,,3.211,,>$3.211,finalized,2022-01-02 15:11:15,2022-01-02
340,46,41,716,1641136275,0.0,59,54,54,,GAS-22JAN03-A3.211,greater,,3.211,,>$3.211,finalized,2022-01-02 15:11:15,2022-01-02
341,46,41,716,1641136275,0.0,59,54,54,,GAS-22JAN03-A3.211,greater,,3.211,,>$3.211,finalized,2022-01-02 15:11:15,2022-01-02
342,46,41,716,1641136275,0.0,59,54,54,,GAS-22JAN03-A3.211,greater,,3.211,,>$3.211,finalized,2022-01-02 15:11:15,2022-01-02
343,46,41,716,1641136275,0.0,59,54,54,,GAS-22JAN03-A3.211,greater,,3.211,,>$3.211,finalized,2022-01-02 15:11:15,2022-01-02
344,46,41,716,1641136276,0.0,59,54,54,,GAS-22JAN03-A3.211,greater,,3.211,,>$3.211,finalized,2022-01-02 15:11:16,2022-01-02
345,46,42,716,1641136276,0.0,58,54,54,,GAS-22JAN03-A3.211,greater,,3.211,,>$3.211,finalized,2022-01-02 15:11:16,2022-01-02
346,46,42,716,1641136276,0.0,58,54,54,,GAS-22JAN03-A3.211,greater,,3.211,,>$3.211,finalized,2022-01-02 15:11:16,2022-01-02
347,46,42,716,1641136310,0.0,58,54,54,,GAS-22JAN03-A3.211,greater,,3.211,,>$3.211,finalized,2022-01-02 15:11:50,2022-01-02
348,46,42,716,1641139220,0.0,58,54,54,,GAS-22JAN03-A3.211,greater,,3.211,,>$3.211,finalized,2022-01-02 16:00:20,2022-01-02
349,46,42,725,1641150277,9.0,58,54,54,,GAS-22JAN03-A3.211,greater,,3.211,,>$3.211,finalized,2022-01-02 19:04:37,2022-01-02
350,46,42,725,1641150279,0.0,58,54,54,,GAS-22JAN03-A3.211,greater,,3.211,,>$3.211,finalized,2022-01-02 19:04:39,2022-01-02
351,46,42,725,1641150279,0.0,58,54,54,,GAS-22JAN03-A3.211,greater,,3.211,,>$3.211,finalized,2022-01-02 19:04:39,2022-01-02
352,46,42,725,1641150319,0.0,58,54,54,,GAS-22JAN03-A3.211,greater,,3.211,,>$3.211,finalized,2022-01-02 19:05:19,2022-01-02
353,46,42,725,1641150319,0.0,58,54,54,,GAS-22JAN03-A3.211,greater,,3.211,,>$3.211,finalized,2022-01-02 19:05:19,2022-01-02
354,46,41,725,1641150319,0.0,59,54,54,,GAS-22JAN03-A3.211,greater,,3.211,,>$3.211,finalized,2022-01-02 19:05:19,2022-01-02
355,46,41,725,1641150319,0.0,59,54,54,,GAS-22JAN03-A3.211,greater,,3.211,,>$3.211,finalized,2022-01-02 19:05:19,2022-01-02
356,46,42,725,1641150319,0.0,58,54,54,,GAS-22JAN03-A3.211,greater,,3.211,,>$3.211,finalized,2022-01-02 19:05:19,2022-01-02
357,46,42,725,1641150328,0.0,58,54,54,,GAS-22JAN03-A3.211,greater,,3.211,,>$3.211,finalized,2022-01-02 19:05:28,2022-01-02
358,46,42,725,1641156925,0.0,58,54,54,,GAS-22JAN03-A3.211,greater,,3.211,,>$3.211,finalized,2022-01-02 20:55:25,2022-01-02
359,46,42,725,1641156926,0.0,58,54,54,,GAS-22JAN03-A3.211,greater,,3.211,,>$3.211,finalized,2022-01-02 20:55:26,2022-01-02
360,46,42,732,1641159414,10.0,58,54,54,,GAS-22JAN03-A3.211,greater,,3.211,,>$3.211,finalized,2022-01-02 21:36:54,2022-01-02
361,47,42,732,1641159416,0.0,58,53,54,,GAS-22JAN03-A3.211,greater,,3.211,,>$3.211,finalized,2022-01-02 21:36:56,2022-01-02
362,47,42,732,1641159416,0.0,58,53,54,,GAS-22JAN03-A3.211,greater,,3.211,,>$3.211,finalized,2022-01-02 21:36:56,2022-01-02
363,47,42,732,1641159416,0.0,58,53,54,,GAS-22JAN03-A3.211,greater,,3.211,,>$3.211,finalized,2022-01-02 21:36:56,2022-01-02
364,47,42,732,1641159416,0.0,58,53,54,,GAS-22JAN03-A3.211,greater,,3.211,,>$3.211,finalized,2022-01-02 21:36:56,2022-01-02
365,47,41,732,1641159436,0.0,59,53,54,,GAS-22JAN03-A3.211,greater,,3.211,,>$3.211,finalized,2022-01-02 21:37:16,2022-01-02
366,47,41,732,1641159436,0.0,59,53,54,,GAS-22JAN03-A3.211,greater,,3.211,,>$3.211,finalized,2022-01-02 21:37:16,2022-01-02
367,47,41,732,1641159436,0.0,59,53,54,,GAS-22JAN03-A3.211,greater,,3.211,,>$3.211,finalized,2022-01-02 21:37:16,2022-01-02
368,47,41,732,1641159436,0.0,59,53,54,,GAS-22JAN03-A3.211,greater,,3.211,,>$3.211,finalized,2022-01-02 21:37:16,2022-01-02
369,47,43,732,1641159436,0.0,57,53,54,,GAS-22JAN03-A3.211,greater,,3.211,,>$3.211,finalized,2022-01-02 21:37:16,2022-01-02
370,47,43,732,1641159436,0.0,57,53,54,,GAS-22JAN03-A3.211,greater,,3.211,,>$3.211,finalized,2022-01-02 21:37:16,2022-01-02
371,47,43,732,1641159453,0.0,57,53,54,,GAS-22JAN03-A3.211,greater,,3.211,,>$3.211,finalized,2022-01-02 21:37:33,2022-01-02
372,47,43,732,1641159453,0.0,57,53,54,,GAS-22JAN03-A3.211,greater,,3.211,,>$3.211,finalized,2022-01-02 21:37:33,2022-01-02
373,47,43,732,1641159453,0.0,57,53,54,,GAS-22JAN03-A3.211,greater,,3.211,,>$3.211,finalized,2022-01-02 21:37:33,2022-01-02
374,47,43,732,1641159454,0.0,57,53,54,,GAS-22JAN03-A3.211,greater,,3.211,,>$3.211,finalized,2022-01-02 21:37:34,2022-01-02
375,47,43,732,1641159454,0.0,57,53,54,,GAS-22JAN03-A3.211,greater,,3.211,,>$3.211,finalized,2022-01-02 21:37:34,2022-01-02
376,47,43,732,1641159454,0.0,57,53,54,,GAS-22JAN03-A3.211,greater,,3.211,,>$3.211,finalized,2022-01-02 21:37:34,2022-01-02
377,47,43,732,1641175089,1.0,57,53,53,,GAS-22JAN03-A3.211,greater,,3.211,,>$3.211,finalized,2022-01-03 01:58:09,2022-01-03
378,47,43,732,1641175116,0.0,57,53,53,,GAS-22JAN03-A3.211,greater,,3.211,,>$3.211,finalized,2022-01-03 01:58:36,2022-01-03
379,47,43,732,1641185713,0.0,57,53,53,,GAS-22JAN03-A3.211,greater,,3.211,,>$3.211,finalized,2022-01-03 04:55:13,2022-01-03
380,47,43,732,1641185713,0.0,57,53,53,,GAS-22JAN03-A3.211,greater,,3.211,,>$3.211,finalized,2022-01-03 04:55:13,2022-01-03
381,47,43,732,1641213979,0.0,57,53,53,,GAS-22JAN03-A3.211,greater,,3.211,,>$3.211,finalized,2022-01-03 12:46:19,2022-01-03
382,47,43,732,1641213979,0.0,57,53,53,,GAS-22JAN03-A3.211,greater,,3.211,,>$3.211,finalized,2022-01-03 12:46:19,2022-01-03
383,47,43,732,1641213979,0.0,57,53,53,,GAS-22JAN03-A3.211,greater,,3.211,,>$3.211,finalized,2022-01-03 12:46:19,2022-01-03
384,47,43,732,1641213979,0.0,57,53,53,,GAS-22JAN03-A3.211,greater,,3.211,,>$3.211,finalized,2022-01-03 12:46:19,2022-01-03
385,47,43,732,1641213979,0.0,57,53,53,,GAS-22JAN03-A3.211,greater,,3.211,,>$3.211,finalized,2022-01-03 12:46:19,2022-01-03
386,47,42,732,1641213980,0.0,58,53,53,,GAS-22JAN03-A3.211,greater,,3.211,,>$3.211,finalized,2022-01-03 12:46:20,2022-01-03
387,47,41,732,1641213980,0.0,59,53,53,,GAS-22JAN03-A3.211,greater,,3.211,,>$3.211,finalized,2022-01-03 12:46:20,2022-01-03
388,47,40,732,1641213980,0.0,60,53,53,,GAS-22JAN03-A3.211,greater,,3.211,,>$3.211,finalized,2022-01-03 12:46:20,2022-01-03
389,47,39,732,1641213980,0.0,61,53,53,,GAS-22JAN03-A3.211,greater,,3.211,,>$3.211,finalized,2022-01-03 12:46:20,2022-01-03
390,47,33,732,1641213980,0.0,67,53,53,,GAS-22JAN03-A3.211,greater,,3.211,,>$3.211,finalized,2022-01-03 12:46:20,2022-01-03
391,45,33,732,1641214828,0.0,67,55,53,,GAS-22JAN03-A3.211,greater,,3.211,,>$3.211,finalized,2022-01-03 13:00:28,2022-01-03
392,44,33,732,1641214828,0.0,67,56,53,,GAS-22JAN03-A3.211,greater,,3.211,,>$3.211,finalized,2022-01-03 13:00:28,2022-01-03
393,43,33,732,1641214828,0.0,67,57,53,,GAS-22JAN03-A3.211,greater,,3.211,,>$3.211,finalized,2022-01-03 13:00:28,2022-01-03
394,42,33,732,1641214828,0.0,67,58,53,,GAS-22JAN03-A3.211,greater,,3.211,,>$3.211,finalized,2022-01-03 13:00:28,2022-01-03
395,41,33,732,1641214828,0.0,67,59,53,,GAS-22JAN03-A3.211,greater,,3.211,,>$3.211,finalized,2022-01-03 13:00:28,2022-01-03
396,41,37,732,1641214828,0.0,63,59,53,,GAS-22JAN03-A3.211,greater,,3.211,,>$3.211,finalized,2022-01-03 13:00:28,2022-01-03
397,41,37,732,1641214828,0.0,63,59,53,,GAS-22JAN03-A3.211,greater,,3.211,,>$3.211,finalized,2022-01-03 13:00:28,2022-01-03
398,41,37,732,1641214828,0.0,63,59,53,,GAS-22JAN03-A3.211,greater,,3.211,,>$3.211,finalized,2022-01-03 13:00:28,2022-01-03
399,41,37,732,1641214828,0.0,63,59,53,,GAS-22JAN03-A3.211,greater,,3.211,,>$3.211,finalized,2022-01-03 13:00:28,2022-01-03
400,41,37,732,1641214828,926.0,63,59,53,,GAS-22JAN03-A3.211,greater,,3.211,,>$3.211,finalized,2022-01-03 13:00:28,2022-01-03
401,41,37,732,1641214830,0.0,63,59,53,,GAS-22JAN03-A3.211,greater,,3.211,,>$3.211,finalized,2022-01-03 13:00:30,2022-01-03
402,41,37,732,1641214830,0.0,63,59,53,,GAS-22JAN03-A3.211,greater,,3.211,,>$3.211,finalized,2022-01-03 13:00:30,2022-01-03
403,41,37,732,1641214831,0.0,63,59,53,,GAS-22JAN03-A3.211,greater,,3.211,,>$3.211,finalized,2022-01-03 13:00:31,2022-01-03
404,41,37,732,1641214831,0.0,63,59,53,,GAS-22JAN03-A3.211,greater,,3.211,,>$3.211,finalized,2022-01-03 13:00:31,2022-01-03
405,41,37,732,1641214831,0.0,63,59,53,,GAS-22JAN03-A3.211,greater,,3.211,,>$3.211,finalized,2022-01-03 13:00:31,2022-01-03
406,41,37,732,1641214831,0.0,63,59,53,,GAS-22JAN03-A3.211,greater,,3.211,,>$3.211,finalized,2022-01-03 13:00:31,2022-01-03
407,41,37,732,1641214831,0.0,63,59,53,,GAS-22JAN03-A3.211,greater,,3.211,,>$3.211,finalized,2022-01-03 13:00:31,2022-01-03
408,41,37,732,1641214831,0.0,63,59,53,,GAS-22JAN03-A3.211,greater,,3.211,,>$3.211,finalized,2022-01-03 13:00:31,2022-01-03
409,41,37,732,1641214831,0.0,63,59,53,,GAS-22JAN03-A3.211,greater,,3.211,,>$3.211,finalized,2022-01-03 13:00:31,2022-01-03
410,41,37,732,1641214831,0.0,63,59,53,,GAS-22JAN03-A3.211,greater,,3.211,,>$3.211,finalized,2022-01-03 13:00:31,2022-01-03
411,41,37,732,1641214831,0.0,63,59,53,,GAS-22JAN03-A3.211,greater,,3.211,,>$3.211,finalized,2022-01-03 13:00:31,2022-01-03
412,41,37,732,1641214831,0.0,63,59,53,,GAS-22JAN03-A3.211,greater,,3.211,,>$3.211,finalized,2022-01-03 13:00:31,2022-01-03
413,41,37,732,1641214832,0.0,63,59,53,,GAS-22JAN03-A3.211,greater,,3.211,,>$3.211,finalized,2022-01-03 13:00:32,2022-01-03
414,41,37,732,1641214832,0.0,63,59,53,,GAS-22JAN03-A3.211,greater,,3.211,,>$3.211,finalized,2022-01-03 13:00:32,2022-01-03
415,41,37,732,1641214832,0.0,63,59,53,,GAS-22JAN03-A3.211,greater,,3.211,,>$3.211,finalized,2022-01-03 13:00:32,2022-01-03
416,41,36,701,1641234340,31.0,64,59,63,,GAS-22JAN03-A3.211,greater,,3.211,,>$3.211,finalized,2022-01-03 18:25:40,2022-01-03
417,41,36,701,1641234341,0.0,64,59,63,,GAS-22JAN03-A3.211,greater,,3.211,,>$3.211,finalized,2022-01-03 18:25:41,2022-01-03
418,41,36,701,1641234341,0.0,64,59,63,,GAS-22JAN03-A3.211,greater,,3.211,,>$3.211,finalized,2022-01-03 18:25:41,2022-01-03
419,41,36,701,1641234341,0.0,64,59,63,,GAS-22JAN03-A3.211,greater,,3.211,,>$3.211,finalized,2022-01-03 18:25:41,2022-01-03
420,41,36,701,1641234341,0.0,64,59,63,,GAS-22JAN03-A3.211,greater,,3.211,,>$3.211,finalized,2022-01-03 18:25:41,2022-01-03
421,41,36,701,1641234349,0.0,64,59,63,,GAS-22JAN03-A3.211,greater,,3.211,,>$3.211,finalized,2022-01-03 18:25:49,2022-01-03
422,41,36,701,1641234381,0.0,64,59,63,,GAS-22JAN03-A3.211,greater,,3.211,,>$3.211,finalized,2022-01-03 18:26:21,2022-01-03
423,41,36,701,1641234381,0.0,64,59,63,,GAS-22JAN03-A3.211,greater,,3.211,,>$3.211,finalized,2022-01-03 18:26:21,2022-01-03
424,41,36,701,1641234381,0.0,64,59,63,,GAS-22JAN03-A3.211,greater,,3.211,,>$3.211,finalized,2022-01-03 18:26:21,2022-01-03
425,41,36,701,1641234381,0.0,64,59,63,,GAS-22JAN03-A3.211,greater,,3.211,,>$3.211,finalized,2022-01-03 18:26:21,2022-01-03
426,41,36,701,1641234381,0.0,64,59,63,,GAS-22JAN03-A3.211,greater,,3.211,,>$3.211,finalized,2022-01-03 18:26:21,2022-01-03
427,40,36,701,1641234381,0.0,64,60,63,,GAS-22JAN03-A3.211,greater,,3.211,,>$3.211,finalized,2022-01-03 18:26:21,2022-01-03
428,40,36,701,1641234381,0.0,64,60,63,,GAS-22JAN03-A3.211,greater,,3.211,,>$3.211,finalized,2022-01-03 18:26:21,2022-01-03
429,40,36,701,1641234381,0.0,64,60,63,,GAS-22JAN03-A3.211,greater,,3.211,,>$3.211,finalized,2022-01-03 18:26:21,2022-01-03
430,40,36,701,1641234422,0.0,64,60,63,,GAS-22JAN03-A3.211,greater,,3.211,,>$3.211,finalized,2022-01-03 18:27:02,2022-01-03
431,40,36,701,1641234422,0.0,64,60,63,,GAS-22JAN03-A3.211,greater,,3.211,,>$3.211,finalized,2022-01-03 18:27:02,2022-01-03
432,40,36,701,1641234422,0.0,64,60,63,,GAS-22JAN03-A3.211,greater,,3.211,,>$3.211,finalized,2022-01-03 18:27:02,2022-01-03
433,40,36,701,1641234422,0.0,64,60,63,,GAS-22JAN03-A3.211,greater,,3.211,,>$3.211,finalized,2022-01-03 18:27:02,2022-01-03
434,40,26,772,1641236740,360.0,74,60,74,,GAS-22JAN03-A3.211,greater,,3.211,,>$3.211,finalized,2022-01-03 19:05:40,2022-01-03
435,40,26,772,1641236749,0.0,74,60,74,,GAS-22JAN03-A3.211,greater,,3.211,,>$3.211,finalized,2022-01-03 19:05:49,2022-01-03
436,40,26,772,1641236749,0.0,74,60,74,,GAS-22JAN03-A3.211,greater,,3.211,,>$3.211,finalized,2022-01-03 19:05:49,2022-01-03
437,40,26,772,1641236750,0.0,74,60,74,,GAS-22JAN03-A3.211,greater,,3.211,,>$3.211,finalized,2022-01-03 19:05:50,2022-01-03
438,40,26,772,1641236750,0.0,74,60,74,,GAS-22JAN03-A3.211,greater,,3.211,,>$3.211,finalized,2022-01-03 19:05:50,2022-01-03
439,40,26,772,1641236750,0.0,74,60,74,,GAS-22JAN03-A3.211,greater,,3.211,,>$3.211,finalized,2022-01-03 19:05:50,2022-01-03
440,40,20,772,1641236750,0.0,80,60,74,,GAS-22JAN03-A3.211,greater,,3.211,,>$3.211,finalized,2022-01-03 19:05:50,2022-01-03
441,40,20,772,1641236750,0.0,80,60,74,,GAS-22JAN03-A3.211,greater,,3.211,,>$3.211,finalized,2022-01-03 19:05:50,2022-01-03
442,40,20,772,1641236781,0.0,80,60,74,,GAS-22JAN03-A3.211,greater,,3.211,,>$3.211,finalized,2022-01-03 19:06:21,2022-01-03
443,40,20,772,1641236781,0.0,80,60,74,,GAS-22JAN03-A3.211,greater,,3.211,,>$3.211,finalized,2022-01-03 19:06:21,2022-01-03
444,40,20,772,1641236781,0.0,80,60,74,,GAS-22JAN03-A3.211,greater,,3.211,,>$3.211,finalized,2022-01-03 19:06:21,2022-01-03
445,40,20,772,1641236781,0.0,80,60,74,,GAS-22JAN03-A3.211,greater,,3.211,,>$3.211,finalized,2022-01-03 19:06:21,2022-01-03
446,41,20,772,1641236781,0.0,80,59,74,,GAS-22JAN03-A3.211,greater,,3.211,,>$3.211,finalized,2022-01-03 19:06:21,2022-01-03
447,39,20,772,1641236781,0.0,80,61,74,,GAS-22JAN03-A3.211,greater,,3.211,,>$3.211,finalized,2022-01-03 19:06:21,2022-01-03
448,38,20,772,1641236781,0.0,80,62,74,,GAS-22JAN03-A3.211,greater,,3.211,,>$3.211,finalized,2022-01-03 19:06:21,2022-01-03
449,37,20,772,1641236781,0.0,80,63,74,,GAS-22JAN03-A3.211,greater,,3.211,,>$3.211,finalized,2022-01-03 19:06:21,2022-01-03
450,36,20,772,1641236781,0.0,80,64,74,,GAS-22JAN03-A3.211,greater,,3.211,,>$3.211,finalized,2022-01-03 19:06:21,2022-01-03
451,35,20,772,1641236782,0.0,80,65,74,,GAS-22JAN03-A3.211,greater,,3.211,,>$3.211,finalized,2022-01-03 19:06:22,2022-01-03
452,35,31,772,1641236782,0.0,69,65,74,,GAS-22JAN03-A3.211,greater,,3.211,,>$3.211,finalized,2022-01-03 19:06:22,2022-01-03
453,35,31,772,1641236782,0.0,69,65,74,,GAS-22JAN03-A3.211,greater,,3.211,,>$3.211,finalized,2022-01-03 19:06:22,2022-01-03
454,35,31,772,1641236782,0.0,69,65,74,,GAS-22JAN03-A3.211,greater,,3.211,,>$3.211,finalized,2022-01-03 19:06:22,2022-01-03
455,35,31,772,1641236782,0.0,69,65,74,,GAS-22JAN03-A3.211,greater,,3.211,,>$3.211,finalized,2022-01-03 19:06:22,2022-01-03
456,35,31,772,1641236782,0.0,69,65,74,,GAS-22JAN03-A3.211,greater,,3.211,,>$3.211,finalized,2022-01-03 19:06:22,2022-01-03
457,35,31,772,1641236790,0.0,69,65,74,,GAS-22JAN03-A3.211,greater,,3.211,,>$3.211,finalized,2022-01-03 19:06:30,2022-01-03
458,35,31,772,1641236790,0.0,69,65,74,,GAS-22JAN03-A3.211,greater,,3.211,,>$3.211,finalized,2022-01-03 19:06:30,2022-01-03
459,35,31,772,1641238184,0.0,69,65,74,,GAS-22JAN03-A3.211,greater,,3.211,,>$3.211,finalized,2022-01-03 19:29:44,2022-01-03
460,35,18,459,1641240222,386.0,82,65,82,,GAS-22JAN03-A3.211,greater,,3.211,,>$3.211,finalized,2022-01-03 20:03:42,2022-01-03
461,35,18,459,1641240225,0.0,82,65,82,,GAS-22JAN03-A3.211,greater,,3.211,,>$3.211,finalized,2022-01-03 20:03:45,2022-01-03
462,35,18,459,1641240225,0.0,82,65,82,,GAS-22JAN03-A3.211,greater,,3.211,,>$3.211,finalized,2022-01-03 20:03:45,2022-01-03
463,35,18,459,1641240225,0.0,82,65,82,,GAS-22JAN03-A3.211,greater,,3.211,,>$3.211,finalized,2022-01-03 20:03:45,2022-01-03
464,35,18,459,1641240225,0.0,82,65,82,,GAS-22JAN03-A3.211,greater,,3.211,,>$3.211,finalized,2022-01-03 20:03:45,2022-01-03
465,35,18,459,1641240225,0.0,82,65,82,,GAS-22JAN03-A3.211,greater,,3.211,,>$3.211,finalized,2022-01-03 20:03:45,2022-01-03
466,35,18,459,1641240225,0.0,82,65,82,,GAS-22JAN03-A3.211,greater,,3.211,,>$3.211,finalized,2022-01-03 20:03:45,2022-01-03
467,35,18,459,1641240261,0.0,82,65,82,,GAS-22JAN03-A3.211,greater,,3.211,,>$3.211,finalized,2022-01-03 20:04:21,2022-01-03
468,35,18,459,1641240261,0.0,82,65,82,,GAS-22JAN03-A3.211,greater,,3.211,,>$3.211,finalized,2022-01-03 20:04:21,2022-01-03
469,35,18,459,1641240261,0.0,82,65,82,,GAS-22JAN03-A3.211,greater,,3.211,,>$3.211,finalized,2022-01-03 20:04:21,2022-01-03
470,35,18,459,1641240261,0.0,82,65,82,,GAS-22JAN03-A3.211,greater,,3.211,,>$3.211,finalized,2022-01-03 20:04:21,2022-01-03
471,35,18,459,1641240261,0.0,82,65,82,,GAS-22JAN03-A3.211,greater,,3.211,,>$3.211,finalized,2022-01-03 20:04:21,2022-01-03
472,34,18,459,1641240261,0.0,82,66,82,,GAS-22JAN03-A3.211,greater,,3.211,,>$3.211,finalized,2022-01-03 20:04:21,2022-01-03
473,33,18,459,1641240261,0.0,82,67,82,,GAS-22JAN03-A3.211,greater,,3.211,,>$3.211,finalized,2022-01-03 20:04:21,2022-01-03
474,32,18,459,1641240261,0.0,82,68,82,,GAS-22JAN03-A3.211,greater,,3.211,,>$3.211,finalized,2022-01-03 20:04:21,2022-01-03
475,31,18,459,1641240261,0.0,82,69,82,,GAS-22JAN03-A3.211,greater,,3.211,,>$3.211,finalized,2022-01-03 20:04:21,2022-01-03
476,30,18,459,1641240261,0.0,82,70,82,,GAS-22JAN03-A3.211,greater,,3.211,,>$3.211,finalized,2022-01-03 20:04:21,2022-01-03
477,30,26,459,1641240261,0.0,74,70,82,,GAS-22JAN03-A3.211,greater,,3.211,,>$3.211,finalized,2022-01-03 20:04:21,2022-01-03
478,30,26,459,1641240261,0.0,74,70,82,,GAS-22JAN03-A3.211,greater,,3.211,,>$3.211,finalized,2022-01-03 20:04:21,2022-01-03
479,30,26,459,1641240261,0.0,74,70,82,,GAS-22JAN03-A3.211,greater,,3.211,,>$3.211,finalized,2022-01-03 20:04:21,2022-01-03
480,30,26,459,1641240261,0.0,74,70,82,,GAS-22JAN03-A3.211,greater,,3.211,,>$3.211,finalized,2022-01-03 20:04:21,2022-01-03
481,30,26,459,1641240261,0.0,74,70,82,,GAS-22JAN03-A3.211,greater,,3.211,,>$3.211,finalized,2022-01-03 20:04:21,2022-01-03
482,30,26,459,1641240280,1.0,74,70,74,,GAS-22JAN03-A3.211,greater,,3.211,,>$3.211,finalized,2022-01-03 20:04:40,2022-01-03
483,30,26,459,1641240296,0.0,74,70,74,,GAS-22JAN03-A3.211,greater,,3.211,,>$3.211,finalized,2022-01-03 20:04:56,2022-01-03
484,30,26,459,1641240296,0.0,74,70,74,,GAS-22JAN03-A3.211,greater,,3.211,,>$3.211,finalized,2022-01-03 20:04:56,2022-01-03
485,30,26,459,1641240296,0.0,74,70,74,,GAS-22JAN03-A3.211,greater,,3.211,,>$3.211,finalized,2022-01-03 20:04:56,2022-01-03
486,30,26,459,1641240296,0.0,74,70,74,,GAS-22JAN03-A3.211,greater,,3.211,,>$3.211,finalized,2022-01-03 20:04:56,2022-01-03
487,30,26,459,1641240296,0.0,74,70,74,,GAS-22JAN03-A3.211,greater,,3.211,,>$3.211,finalized,2022-01-03 20:04:56,2022-01-03
488,30,26,459,1641240296,0.0,74,70,74,,GAS-22JAN03-A3.211,greater,,3.211,,>$3.211,finalized,2022-01-03 20:04:56,2022-01-03
489,31,26,459,1641240322,0.0,74,69,74,,GAS-22JAN03-A3.211,greater,,3.211,,>$3.211,finalized,2022-01-03 20:05:22,2022-01-03
490,30,26,459,1641240322,0.0,74,70,74,,GAS-22JAN03-A3.211,greater,,3.211,,>$3.211,finalized,2022-01-03 20:05:22,2022-01-03
491,30,26,459,1641240816,59.0,74,70,74,,GAS-22JAN03-A3.211,greater,,3.211,,>$3.211,finalized,2022-01-03 20:13:36,2022-01-03
492,30,26,459,1641240860,0.0,74,70,74,,GAS-22JAN03-A3.211,greater,,3.211,,>$3.211,finalized,2022-01-03 20:14:20,2022-01-03
493,30,26,459,1641240860,0.0,74,70,74,,GAS-22JAN03-A3.211,greater,,3.211,,>$3.211,finalized,2022-01-03 20:14:20,2022-01-03
494,31,26,459,1641240860,0.0,74,69,74,,GAS-22JAN03-A3.211,greater,,3.211,,>$3.211,finalized,2022-01-03 20:14:20,2022-01-03
495,31,26,459,1641240860,0.0,74,69,74,,GAS-22JAN03-A3.211,greater,,3.211,,>$3.211,finalized,2022-01-03 20:14:20,2022-01-03
496,31,26,459,1641240860,0.0,74,69,74,,GAS-22JAN03-A3.211,greater,,3.211,,>$3.211,finalized,2022-01-03 20:14:20,2022-01-03
497,31,26,459,1641240860,0.0,74,69,74,,GAS-22JAN03-A3.211,greater,,3.211,,>$3.211,finalized,2022-01-03 20:14:20,2022-01-03
498,30,26,459,1641240860,0.0,74,70,74,,GAS-22JAN03-A3.211,greater,,3.211,,>$3.211,finalized,2022-01-03 20:14:20,2022-01-03
499,29,26,459,1641240861,0.0,74,71,74,,GAS-22JAN03-A3.211,greater,,3.211,,>$3.211,finalized,2022-01-03 20:14:21,2022-01-03
500,29,26,459,1641240861,1763.0,74,71,74,,GAS-22JAN03-A3.211,greater,,3.211,,>$3.211,finalized,2022-01-03 20:14:21,2022-01-03
501,30,26,472,1641241862,13.0,74,70,71,,GAS-22JAN03-A3.211,greater,,3.211,,>$3.211,finalized,2022-01-03 20:31:02,2022-01-03
502,31,26,536,1641241865,64.0,74,69,70,,GAS-22JAN03-A3.211,greater,,3.211,,>$3.211,finalized,2022-01-03 20:31:05,2022-01-03
503,32,26,596,1641241867,60.0,74,68,69,,GAS-22JAN03-A3.211,greater,,3.211,,>$3.211,finalized,2022-01-03 20:31:07,2022-01-03
504,33,26,655,1641241871,59.0,74,67,68,,GAS-22JAN03-A3.211,greater,,3.211,,>$3.211,finalized,2022-01-03 20:31:11,2022-01-03
505,33,26,655,1641241881,0.0,74,67,68,,GAS-22JAN03-A3.211,greater,,3.211,,>$3.211,finalized,2022-01-03 20:31:21,2022-01-03
506,33,25,655,1641241881,0.0,75,67,68,,GAS-22JAN03-A3.211,greater,,3.211,,>$3.211,finalized,2022-01-03 20:31:21,2022-01-03
507,33,25,655,1641241881,0.0,75,67,68,,GAS-22JAN03-A3.211,greater,,3.211,,>$3.211,finalized,2022-01-03 20:31:21,2022-01-03
508,33,25,655,1641241881,0.0,75,67,68,,GAS-22JAN03-A3.211,greater,,3.211,,>$3.211,finalized,2022-01-03 20:31:21,2022-01-03
509,33,25,655,1641241881,0.0,75,67,68,,GAS-22JAN03-A3.211,greater,,3.211,,>$3.211,finalized,2022-01-03 20:31:21,2022-01-03
510,33,25,655,1641241881,0.0,75,67,68,,GAS-22JAN03-A3.211,greater,,3.211,,>$3.211,finalized,2022-01-03 20:31:21,2022-01-03
511,32,25,655,1641241881,0.0,75,68,68,,GAS-22JAN03-A3.211,greater,,3.211,,>$3.211,finalized,2022-01-03 20:31:21,2022-01-03
512,31,25,655,1641241881,0.0,75,69,68,,GAS-22JAN03-A3.211,greater,,3.211,,>$3.211,finalized,2022-01-03 20:31:21,2022-01-03
513,30,25,655,1641241881,0.0,75,70,68,,GAS-22JAN03-A3.211,greater,,3.211,,>$3.211,finalized,2022-01-03 20:31:21,2022-01-03
514,30,26,655,1641241881,0.0,74,70,68,,GAS-22JAN03-A3.211,greater,,3.211,,>$3.211,finalized,2022-01-03 20:31:21,2022-01-03
515,30,26,655,1641241881,0.0,74,70,68,,GAS-22JAN03-A3.211,greater,,3.211,,>$3.211,finalized,2022-01-03 20:31:21,2022-01-03
516,30,26,659,1641241886,4.0,74,70,70,,GAS-22JAN03-A3.211,greater,,3.211,,>$3.211,finalized,2022-01-03 20:31:26,2022-01-03
517,31,26,719,1641241903,60.0,74,69,70,,GAS-22JAN03-A3.211,greater,,3.211,,>$3.211,finalized,2022-01-03 20:31:43,2022-01-03
518,31,26,759,1641241908,40.0,74,69,69,,GAS-22JAN03-A3.211,greater,,3.211,,>$3.211,finalized,2022-01-03 20:31:48,2022-01-03
519,31,26,759,1641241940,0.0,74,69,69,,GAS-22JAN03-A3.211,greater,,3.211,,>$3.211,finalized,2022-01-03 20:32:20,2022-01-03
520,31,26,759,1641241940,0.0,74,69,69,,GAS-22JAN03-A3.211,greater,,3.211,,>$3.211,finalized,2022-01-03 20:32:20,2022-01-03
521,31,26,759,1641241940,0.0,74,69,69,,GAS-22JAN03-A3.211,greater,,3.211,,>$3.211,finalized,2022-01-03 20:32:20,2022-01-03
522,33,26,759,1641241940,0.0,74,67,69,,GAS-22JAN03-A3.211,greater,,3.211,,>$3.211,finalized,2022-01-03 20:32:20,2022-01-03
523,33,25,759,1641241940,0.0,75,67,69,,GAS-22JAN03-A3.211,greater,,3.211,,>$3.211,finalized,2022-01-03 20:32:20,2022-01-03
524,33,24,759,1641241940,0.0,76,67,69,,GAS-22JAN03-A3.211,greater,,3.211,,>$3.211,finalized,2022-01-03 20:32:20,2022-01-03
525,33,23,759,1641241940,0.0,77,67,69,,GAS-22JAN03-A3.211,greater,,3.211,,>$3.211,finalized,2022-01-03 20:32:20,2022-01-03
526,33,22,759,1641241940,0.0,78,67,69,,GAS-22JAN03-A3.211,greater,,3.211,,>$3.211,finalized,2022-01-03 20:32:20,2022-01-03
527,33,9,759,1641241940,0.0,91,67,69,,GAS-22JAN03-A3.211,greater,,3.211,,>$3.211,finalized,2022-01-03 20:32:20,2022-01-03
528,33,9,759,1641241940,0.0,91,67,69,,GAS-22JAN03-A3.211,greater,,3.211,,>$3.211,finalized,2022-01-03 20:32:20,2022-01-03
529,33,9,759,1641241940,0.0,91,67,69,,GAS-22JAN03-A3.211,greater,,3.211,,>$3.211,finalized,2022-01-03 20:32:20,2022-01-03
530,33,9,759,1641241940,0.0,91,67,69,,GAS-22JAN03-A3.211,greater,,3.211,,>$3.211,finalized,2022-01-03 20:32:20,2022-01-03
531,33,9,759,1641241940,0.0,91,67,69,,GAS-22JAN03-A3.211,greater,,3.211,,>$3.211,finalized,2022-01-03 20:32:20,2022-01-03
532,33,30,759,1641241940,0.0,70,67,69,,GAS-22JAN03-A3.211,greater,,3.211,,>$3.211,finalized,2022-01-03 20:32:20,2022-01-03
533,33,30,759,1641241940,0.0,70,67,69,,GAS-22JAN03-A3.211,greater,,3.211,,>$3.211,finalized,2022-01-03 20:32:20,2022-01-03
534,33,30,759,1641241940,0.0,70,67,69,,GAS-22JAN03-A3.211,greater,,3.211,,>$3.211,finalized,2022-01-03 20:32:20,2022-01-03
535,33,30,759,1641241940,0.0,70,67,69,,GAS-22JAN03-A3.211,greater,,3.211,,>$3.211,finalized,2022-01-03 20:32:20,2022-01-03
536,33,30,759,1641241940,0.0,70,67,69,,GAS-22JAN03-A3.211,greater,,3.211,,>$3.211,finalized,2022-01-03 20:32:20,2022-01-03
537,34,30,759,1641241943,0.0,70,66,69,,GAS-22JAN03-A3.211,greater,,3.211,,>$3.211,finalized,2022-01-03 20:32:23,2022-01-03
538,34,30,759,1641241943,0.0,70,66,69,,GAS-22JAN03-A3.211,greater,,3.211,,>$3.211,finalized,2022-01-03 20:32:23,2022-01-03
539,34,30,759,1641241943,0.0,70,66,69,,GAS-22JAN03-A3.211,greater,,3.211,,>$3.211,finalized,2022-01-03 20:32:23,2022-01-03
540,34,30,759,1641241943,0.0,70,66,69,,GAS-22JAN03-A3.211,greater,,3.211,,>$3.211,finalized,2022-01-03 20:32:23,2022-01-03
541,34,30,759,1641241944,0.0,70,66,69,,GAS-22JAN03-A3.211,greater,,3.211,,>$3.211,finalized,2022-01-03 20:32:24,2022-01-03
542,34,30,759,1641241944,0.0,70,66,69,,GAS-22JAN03-A3.211,greater,,3.211,,>$3.211,finalized,2022-01-03 20:32:24,2022-01-03
543,34,30,759,1641242784,20.0,70,66,70,,GAS-22JAN03-A3.211,greater,,3.211,,>$3.211,finalized,2022-01-03 20:46:24,2022-01-03
544,34,30,759,1641242840,0.0,70,66,70,,GAS-22JAN03-A3.211,greater,,3.211,,>$3.211,finalized,2022-01-03 20:47:20,2022-01-03
545,34,30,759,1641242840,0.0,70,66,70,,GAS-22JAN03-A3.211,greater,,3.211,,>$3.211,finalized,2022-01-03 20:47:20,2022-01-03
546,34,30,759,1641242840,0.0,70,66,70,,GAS-22JAN03-A3.211,greater,,3.211,,>$3.211,finalized,2022-01-03 20:47:20,2022-01-03
547,34,30,759,1641242840,0.0,70,66,70,,GAS-22JAN03-A3.211,greater,,3.211,,>$3.211,finalized,2022-01-03 20:47:20,2022-01-03
548,34,30,759,1641242840,0.0,70,66,70,,GAS-22JAN03-A3.211,greater,,3.211,,>$3.211,finalized,2022-01-03 20:47:20,2022-01-03
549,34,30,759,1641242840,0.0,70,66,70,,GAS-22JAN03-A3.211,greater,,3.211,,>$3.211,finalized,2022-01-03 20:47:20,2022-01-03
550,34,30,759,1641243322,0.0,70,66,70,,GAS-22JAN03-A3.211,greater,,3.211,,>$3.211,finalized,2022-01-03 20:55:22,2022-01-03
551,34,30,759,1641243322,0.0,70,66,70,,GAS-22JAN03-A3.211,greater,,3.211,,>$3.211,finalized,2022-01-03 20:55:22,2022-01-03
552,34,30,759,1641244166,6.0,70,66,66,,GAS-22JAN03-A3.211,greater,,3.211,,>$3.211,finalized,2022-01-03 21:09:26,2022-01-03
553,34,30,759,1641244206,0.0,70,66,66,,GAS-22JAN03-A3.211,greater,,3.211,,>$3.211,finalized,2022-01-03 21:10:06,2022-01-03
554,34,30,759,1641244206,0.0,70,66,66,,GAS-22JAN03-A3.211,greater,,3.211,,>$3.211,finalized,2022-01-03 21:10:06,2022-01-03
555,34,30,759,1641244206,0.0,70,66,66,,GAS-22JAN03-A3.211,greater,,3.211,,>$3.211,finalized,2022-01-03 21:10:06,2022-01-03
556,34,30,759,1641244206,0.0,70,66,66,,GAS-22JAN03-A3.211,greater,,3.211,,>$3.211,finalized,2022-01-03 21:10:06,2022-01-03
557,34,30,759,1641308748,0.0,70,66,66,,GAS-22JAN03-A3.211,greater,,3.211,,>$3.211,finalized,2022-01-04 15:05:48,2022-01-04
